generated_status,decision,reviewer,review_notes,hr_rank,hr_frequency,ekavian_lemma,ijekavian_lemma,ikavian_suggestion,rule,family_anchor,upos,compatible_msd_slots,changed_surface_pairs,ambiguous_msd_slots,reasons
known,,,,14,7808048,hteti,htjeti,htiti,je→e,dospeti↔dospjeti,ADV|AUX|VERB,22,15,7,ambiguous-surface-variants
known,,,,59,1496203,čovek,čovjek,čovik,je→e,čovekov↔čovjekov,NOUN,14,7,0,
known,,,,64,1407547,vreme,vrijeme,vrime,ije→e,nevreme↔nevrijeme,NOUN,13,3,1,ambiguous-surface-variants
known,,,,68,1355233,videti,vidjeti,viditi,je→e,predvideti↔predvidjeti,ADJ|ADV|VERB,66,19,16,ambiguous-surface-variants
known,,,,78,1174344,želeti,željeti,želiti,je→e,voleti↔voljeti,ADJ|ADV|VERB,54,6,16,ambiguous-surface-variants
known,,,,84,1055563,dete,dijete,dite,ije→e,,NOUN,14,14,0,no-higher-trust-family-anchor
known,,,,88,1042458,deo,dio,,i→e,,NOUN,14,12,0,i-reflex-review-only|competing-ijekavian-targets|competing-ekavian-sources
known,,,,93,961518,pre,prije,pri,ije→e,najpre↔najprije,ADP,1,1,0,fewer-than-three-compatible-msd-slots|fewer-than-two-changed-surface-pairs
known,,,,100,850126,uvek,uvijek,uvik,ije→e,,ADV,1,1,0,no-higher-trust-family-anchor|fewer-than-three-compatible-msd-slots|fewer-than-two-changed-surface-pairs
known,,,,103,825989,mesto,mjesto,misto,je→e,umesto↔umjesto,ADP|NOUN,14,14,1,ambiguous-surface-variants
known,,,,106,812596,gde,gdje,gdi,je→e,negde↔negdje,ADV|SCONJ,2,2,0,fewer-than-three-compatible-msd-slots
review,,,,113,754410,svet,svijet,svit,ije→e,svest↔svijest,NOUN,13,13,1,ambiguous-surface-variants
review,,,,139,640374,cel,cijel,cil,ije→e,celost↔cijelost,ADJ,88,88,48,ambiguous-surface-variants
known,,,,141,625110,mesec,mjesec,misec,je→e,mesečni↔mjesečni,NOUN,12,12,2,ambiguous-surface-variants
known,,,,150,578767,predsednik,predsjednik,predsidnik,je→e,predsednica↔predsjednica,NOUN,13,13,1,ambiguous-surface-variants
known,,,,154,559893,voleti,voljeti,voliti,je→e,želeti↔željeti,ADJ|ADV|VERB,54,6,16,ambiguous-surface-variants
known,,,,158,549325,živeti,živjeti,živiti,je→e,hteti↔htjeti,ADJ|ADV|VERB,60,43,16,ambiguous-surface-variants
review,,,,176,487177,netko,nitko,,i→e,,PRON,0,0,0,i-reflex-review-only|competing-ijekavian-targets|competing-ekavian-sources|fewer-than-three-compatible-msd-slots|fewer-than-two-changed-surface-pairs
known,,,,178,483728,reč,riječ,rič,ije→e,,NOUN,13,13,1,no-higher-trust-family-anchor|ambiguous-surface-variants
known,,,,184,479208,verovati,vjerovati,virovati,je→e,poverovati↔povjerovati,ADJ|ADV|VERB,60,60,16,ambiguous-surface-variants
known,,,,209,441790,cena,cijena,cina,ije→e,ceniti↔cijeniti,NOUN,13,13,1,ambiguous-surface-variants
known,,,,212,430891,ovde,ovdje,ovdi,je→e,,ADV,1,1,0,no-higher-trust-family-anchor|fewer-than-three-compatible-msd-slots|fewer-than-two-changed-surface-pairs
review,,,,221,417798,pre,pri,,i→e,,ADP,0,0,0,i-reflex-review-only|competing-ekavian-sources|conflicts-with-higher-trust-ekavian-map|fewer-than-three-compatible-msd-slots|fewer-than-two-changed-surface-pairs
review,,,,227,407608,oteći,otići,,i→e,,ADV|VERB,0,0,0,i-reflex-review-only|competing-ijekavian-targets|competing-ekavian-sources|fewer-than-three-compatible-msd-slots|fewer-than-two-changed-surface-pairs
review,,,,229,406378,ne,ni,,i→e,,PART,0,0,0,i-reflex-review-only|competing-ijekavian-targets|competing-ekavian-sources|fewer-than-three-compatible-msd-slots|fewer-than-two-changed-surface-pairs
known,,,,230,404909,uspeti,uspjeti,uspiti,je→e,dospeti↔dospjeti,ADV|VERB,23,18,0,
review,,,,247,383247,preča,priča,,i→e,,NOUN,0,0,0,i-reflex-review-only|competing-ijekavian-targets|competing-ekavian-sources|fewer-than-three-compatible-msd-slots|fewer-than-two-changed-surface-pairs
review,,,,282,339281,nekad,nikad,,i→e,,ADV,0,0,0,i-reflex-review-only|competing-ijekavian-targets|competing-ekavian-sources|fewer-than-three-compatible-msd-slots|fewer-than-two-changed-surface-pairs
known,,,,316,306272,telo,tijelo,tilo,ije→e,,NOUN,7,7,7,no-higher-trust-family-anchor|ambiguous-surface-variants
known,,,,329,294464,svetski,svjetski,svitski,je→e,,ADJ|ADV,84,84,48,no-higher-trust-family-anchor|ambiguous-surface-variants
known,,,,334,288553,doneti,donijeti,doniti,ije→e,uneti↔unijeti,ADJ|ADV|VERB,60,50,16,ambiguous-surface-variants
review,,,,336,286400,uvet,uvjet,uvit,je→e,savet↔savjet,NOUN,13,13,1,ambiguous-surface-variants
known,,,,344,283732,smeti,smjeti,smiti,je→e,razumeti↔razumjeti,VERB,22,17,0,
accepted,,,,347,282630,sudelovati,sudjelovati,sudilovati,je→e,delovati↔djelovati,ADV|VERB,23,23,0,
known,,,,360,268892,pesma,pjesma,pisma,je→e,,NOUN,13,13,1,no-higher-trust-family-anchor|ambiguous-surface-variants
known,,,,363,267426,poslednji,posljednji,poslidnji,je→e,posledica↔posljedica,ADJ,28,28,16,ambiguous-surface-variants
review,,,,373,260905,nekada,nikada,,i→e,,ADV,0,0,0,i-reflex-review-only|competing-ijekavian-targets|competing-ekavian-sources|fewer-than-three-compatible-msd-slots|fewer-than-two-changed-surface-pairs
review,,,,375,260446,osećati,osjećati,osićati,je→e,,ADJ|ADV|VERB,60,60,16,no-higher-trust-family-anchor|ambiguous-surface-variants
review,,,,381,255194,pobeda,pobjeda,pobida,je→e,,NOUN,13,13,1,no-higher-trust-family-anchor|ambiguous-surface-variants
review,,,,402,244272,steći,stići,,i→e,,ADJ|ADV|VERB,0,0,0,i-reflex-review-only|competing-ijekavian-targets|competing-ekavian-sources|fewer-than-three-compatible-msd-slots|fewer-than-two-changed-surface-pairs
known,,,,418,236630,lep,lijep,lip,ije→e,,ADJ,91,91,48,no-higher-trust-family-anchor|ambiguous-surface-variants
review,,,,430,231155,lega,liga,,i→e,,NOUN,0,0,0,i-reflex-review-only|competing-ijekavian-targets|competing-ekavian-sources|fewer-than-three-compatible-msd-slots|fewer-than-two-changed-surface-pairs
known,,,,455,221418,delovati,djelovati,dilovati,je→e,delo↔djelo,ADV|VERB,23,23,0,
known,,,,473,214136,veće,vijeće,viće,ije→e,prispeće↔prispijeće,NOUN,13,13,1,ambiguous-surface-variants
known,,,,480,212670,umesto,umjesto,umisto,je→e,mesto↔mjesto,ADP|ADV,2,2,0,fewer-than-three-compatible-msd-slots
known,,,,500,203382,rešiti,riješiti,rišiti,ije→e,razrešiti↔razriješiti,ADJ|ADV|VERB,60,60,16,ambiguous-surface-variants
known,,,,501,202680,promeniti,promijeniti,prominiti,ije→e,ceniti↔cijeniti,ADJ|ADV|VERB,60,60,16,ambiguous-surface-variants
review,,,,503,201526,nekakav,nikakav,,i→e,,DET,0,0,0,i-reflex-review-only|competing-ijekavian-targets|competing-ekavian-sources|fewer-than-three-compatible-msd-slots|fewer-than-two-changed-surface-pairs
review,,,,506,200132,stoleće,stoljeće,stoliće,je→e,,NOUN,13,13,1,no-higher-trust-family-anchor|ambiguous-surface-variants
known,,,,514,197172,zahtev,zahtjev,zahtiv,je→e,zahtevni↔zahtjevni,NOUN,13,13,1,ambiguous-surface-variants
known,,,,528,193245,slediti,slijediti,sliditi,ije→e,uslediti↔uslijediti,ADJ|ADV|VERB,60,60,16,ambiguous-surface-variants
known,,,,533,191822,primer,primjer,primir,je→e,primerak↔primjerak,NOUN,12,12,2,ambiguous-surface-variants
known,,,,534,191487,promena,promjena,promina,je→e,smena↔smjena,NOUN,13,13,1,ambiguous-surface-variants
review,,,,551,187002,lek,lik,,i→e,,NOUN,0,0,0,i-reflex-review-only|competing-ekavian-sources|conflicts-with-higher-trust-ekavian-map|fewer-than-three-compatible-msd-slots|fewer-than-two-changed-surface-pairs
review,,,,553,186320,mišlenje,mišljenje,mišlinje,je→e,,NOUN,13,13,1,no-higher-trust-family-anchor|ambiguous-surface-variants
known,,,,569,182937,menjati,mijenjati,minjati,ije→e,menjanje↔mijenjanje,ADJ|ADV|VERB,60,60,16,ambiguous-surface-variants
known,,,,576,181415,vera,vjera,vira,je→e,overa↔ovjera,NOUN,13,13,1,ambiguous-surface-variants
known,,,,594,175799,sledeći,sljedeći,slideći,je→e,,ADJ,28,28,16,no-higher-trust-family-anchor|ambiguous-surface-variants
known,,,,598,174032,mera,mjera,mira,je→e,namera↔namjera,NOUN,13,13,1,ambiguous-surface-variants
known,,,,599,173651,negde,negdje,negdi,je→e,gde↔gdje,ADV,1,1,0,fewer-than-three-compatible-msd-slots|fewer-than-two-changed-surface-pairs
known,,,,602,173019,nedelja,nedjelja,nedilja,je→e,nedeljni↔nedjeljni,NOUN,13,13,1,ambiguous-surface-variants
known,,,,611,171466,razumeti,razumjeti,razumiti,je→e,sporazumeti↔sporazumjeti,ADV|VERB,29,24,0,
accepted,,,,636,166724,lepo,lijepo,lipo,ije→e,lep↔lijep,ADV,3,3,0,
known,,,,640,165481,rešenje,rješenje,rišenje,je→e,razrešenje↔razrješenje,NOUN,13,13,1,ambiguous-surface-variants
known,,,,642,165318,vrednost,vrijednost,vridnost,ije→e,protivvrednost↔protivvrijednost,NOUN,13,13,1,ambiguous-surface-variants
known,,,,645,163912,delo,djelo,dilo,je→e,delokrug↔djelokrug,NOUN,13,13,1,ambiguous-surface-variants
review,,,,706,151390,nekako,nikako,,i→e,,ADV,0,0,0,i-reflex-review-only|competing-ijekavian-targets|competing-ekavian-sources|fewer-than-three-compatible-msd-slots|fewer-than-two-changed-surface-pairs
review,,,,715,149775,povest,povijest,povist,ije→e,vest↔vijest,NOUN,13,13,1,ambiguous-surface-variants
review,,,,732,146701,pobediti,pobijediti,pobiditi,ije→e,obezbediti↔obezbijediti,ADJ|ADV|VERB,60,60,16,ambiguous-surface-variants
review,,,,741,144354,osećaj,osjećaj,osićaj,je→e,,NOUN,13,13,1,no-higher-trust-family-anchor|ambiguous-surface-variants
review,,,,746,143369,vrediti,vrijediti,vriditi,ije→e,obezvrediti↔obezvrijediti,ADV|VERB,23,23,0,conflicts-with-higher-trust-ijekavian-map
known,,,,756,141413,posle,poslije,posli,ije→e,,ADP|ADV,2,2,0,no-higher-trust-family-anchor|fewer-than-three-compatible-msd-slots
known,,,,759,140628,predlog,prijedlog,pridlog,ije→e,pre↔prije,NOUN,14,14,0,
known,,,,772,138911,delovanje,djelovanje,dilovanje,je→e,sudelovanje↔sudjelovanje,NOUN,13,13,1,ambiguous-surface-variants
known,,,,773,138868,uspeh,uspjeh,uspih,je→e,uspešni↔uspješni,NOUN,14,14,0,
review,,,,798,133881,primerice,primjerice,primirice,je→e,primer↔primjer,ADV,1,1,0,fewer-than-three-compatible-msd-slots|fewer-than-two-changed-surface-pairs
review,,,,830,129444,deonica,dionica,,i→e,,NOUN,13,0,1,i-reflex-review-only|competing-ijekavian-targets|competing-ekavian-sources|fewer-than-two-changed-surface-pairs|ambiguous-surface-variants
review,,,,835,129220,ovesiti,ovisiti,,i→e,,ADV|VERB,0,0,0,i-reflex-review-only|competing-ijekavian-targets|competing-ekavian-sources|fewer-than-three-compatible-msd-slots|fewer-than-two-changed-surface-pairs
review,,,,839,128510,nemački,njemački,nimački,je→e,,ADJ|ADV,28,28,16,no-higher-trust-family-anchor|ambiguous-surface-variants
known,,,,847,127066,osetiti,osjetiti,osititi,je→e,,ADJ|ADV|VERB,60,60,16,no-higher-trust-family-anchor|ambiguous-surface-variants
review,,,,848,127029,svestan,svjestan,svistan,je→e,svesni↔svjesni,ADJ,64,64,32,ambiguous-surface-variants
known,,,,855,125459,posledica,posljedica,poslidica,je→e,poslednji↔posljednji,NOUN,13,13,1,ambiguous-surface-variants
review,,,,857,125305,posetiti,posjetiti,posititi,je→e,osetiti↔osjetiti,ADJ|ADV|VERB,60,60,16,ambiguous-surface-variants
review,,,,859,125250,uspešan,uspješan,uspišan,je→e,uspeh↔uspjeh,ADJ,91,91,48,ambiguous-surface-variants
review,,,,866,124019,lečnik,liječnik,ličnik,ije→e,,NOUN,13,13,1,no-higher-trust-family-anchor|ambiguous-surface-variants
review,,,,879,122453,peti,piti,,i→e,,ADJ,0,0,0,i-reflex-review-only|competing-ijekavian-targets|competing-ekavian-sources|fewer-than-three-compatible-msd-slots|fewer-than-two-changed-surface-pairs
known,,,,896,120473,lek,lijek,lik,ije→e,,NOUN,14,14,0,no-higher-trust-family-anchor
review,,,,897,120434,premer,premijer,premir,ije→e,,NOUN,13,13,1,no-higher-trust-family-anchor|conflicts-with-higher-trust-ekavian-map|ambiguous-surface-variants
known,,,,902,120015,sednica,sjednica,sidnica,je→e,predsednica↔predsjednica,NOUN,13,13,1,ambiguous-surface-variants
known,,,,912,119258,sreda,srijeda,srida,ije→e,,NOUN,13,13,1,no-higher-trust-family-anchor|ambiguous-surface-variants
review,,,,913,119248,čest,čist,,i→e,,ADJ,0,0,0,i-reflex-review-only|competing-ijekavian-targets|competing-ekavian-sources|fewer-than-three-compatible-msd-slots|fewer-than-two-changed-surface-pairs
review,,,,917,118905,leto,ljeto,lito,je→e,,NOUN,13,13,1,no-higher-trust-family-anchor|ambiguous-surface-variants
review,,,,928,118011,viseti,visiti,,i→e,,ADV|VERB,18,0,0,i-reflex-review-only|competing-ijekavian-targets|competing-ekavian-sources|fewer-than-two-changed-surface-pairs
review,,,,938,116113,deliti,dijeliti,diliti,ije→e,dodeliti↔dodijeliti,ADJ|ADV|VERB,60,60,16,ambiguous-surface-variants
accepted,,,,946,115327,doživeti,doživjeti,doživiti,je→e,živeti↔živjeti,ADV|VERB,23,13,0,
known,,,,960,113969,devojka,djevojka,divojka,je→e,,NOUN,11,11,3,no-higher-trust-family-anchor|ambiguous-surface-variants
accepted,,,,969,112939,umreti,umrijeti,umriti,ije→e,uneti↔unijeti,ADV|VERB,29,14,0,
known,,,,972,112620,primena,primjena,primina,je→e,primeniti↔primjeniti,NOUN,13,13,1,ambiguous-surface-variants
review,,,,979,111950,smer,smjer,smir,je→e,premer↔premjer,NOUN,13,13,1,ambiguous-surface-variants
known,,,,983,111635,smestiti,smjestiti,smistiti,je→e,namestiti↔namjestiti,ADJ|ADV|VERB,60,60,16,ambiguous-surface-variants
review,,,,985,111419,vredan,vrijedan,vridan,ije→e,vrednost↔vrijednost,ADJ,91,91,48,ambiguous-surface-variants
review,,,,991,110481,ponedeljak,ponedjeljak,ponediljak,je→e,odeljak↔odjeljak,NOUN,13,13,1,ambiguous-surface-variants
review,,,,1001,109502,sećati,sjećati,sićati,je→e,sećanje↔sjećanje,ADJ|ADV|VERB,60,60,16,ambiguous-surface-variants
review,,,,1003,109239,sediti,sjediti,siditi,je→e,sedište↔sjedište,ADV|VERB,23,23,0,conflicts-with-higher-trust-ijekavian-map
review,,,,1003,109239,sjedeti,sjediti,,i→e,,ADV|VERB,17,0,0,i-reflex-review-only|competing-ijekavian-targets|conflicts-with-higher-trust-ijekavian-map|fewer-than-two-changed-surface-pairs
accepted,,,,1019,107927,setiti,sjetiti,sititi,je→e,osetiti↔osjetiti,ADV|VERB,23,23,0,
review,,,,1024,107426,prelično,prilično,,i→e,,ADV,0,0,0,i-reflex-review-only|competing-ijekavian-targets|competing-ekavian-sources|fewer-than-three-compatible-msd-slots|fewer-than-two-changed-surface-pairs
review,,,,1034,106263,odel,odjel,odil,je→e,odeljak↔odjeljak,NOUN,13,13,1,ambiguous-surface-variants
review,,,,1038,105658,prerodan,prirodan,,i→e,,ADJ,0,0,0,i-reflex-review-only|competing-ijekavian-targets|competing-ekavian-sources|fewer-than-three-compatible-msd-slots|fewer-than-two-changed-surface-pairs
known,,,,1040,105360,podeliti,podijeliti,podiliti,ije→e,dodeliti↔dodijeliti,ADJ|ADV|VERB,60,60,16,ambiguous-surface-variants
review,,,,1072,102105,delatnik,djelatnik,dilatnik,je→e,delatnost↔djelatnost,NOUN,13,13,1,ambiguous-surface-variants
review,,,,1076,101494,razvejati,razvijati,,i→e,,ADJ|ADV|VERB,0,0,0,i-reflex-review-only|competing-ijekavian-targets|competing-ekavian-sources|fewer-than-three-compatible-msd-slots|fewer-than-two-changed-surface-pairs
known,,,,1102,98769,vest,vijest,vist,ije→e,svest↔svijest,NOUN,13,13,1,ambiguous-surface-variants
review,,,,1109,98429,svetlo,svjetlo,svitlo,je→e,svetski↔svjetski,NOUN,13,13,1,competing-ijekavian-targets|ambiguous-surface-variants
known,,,,1115,97855,uspešno,uspješno,uspišno,je→e,uspešni↔uspješni,ADV,3,3,0,
review,,,,1120,97648,vernik,vjernik,virnik,je→e,vera↔vjera,NOUN,13,13,1,ambiguous-surface-variants
review,,,,1121,97632,podsetiti,podsjetiti,podsititi,je→e,osetiti↔osjetiti,ADJ|ADV|VERB,60,60,16,ambiguous-surface-variants
known,,,,1139,95797,pevati,pjevati,pivati,je→e,delovati↔djelovati,ADJ|ADV|VERB,60,60,16,ambiguous-surface-variants
known,,,,1141,95589,namera,namjera,namira,je→e,nameravani↔namjeravani,NOUN,13,13,1,ambiguous-surface-variants
known,,,,1158,94466,savet,savjet,savit,je→e,savetnik↔savjetnik,NOUN,13,13,1,ambiguous-surface-variants
review,,,,1163,94112,paper,papir,,i→e,,NOUN,0,0,0,i-reflex-review-only|competing-ijekavian-targets|competing-ekavian-sources|fewer-than-three-compatible-msd-slots|fewer-than-two-changed-surface-pairs
review,,,,1200,92154,posetitelj,posjetitelj,posititelj,je→e,posed↔posjed,NOUN,13,13,1,ambiguous-surface-variants
review,,,,1210,91434,plen,plin,,i→e,,NOUN,0,0,0,i-reflex-review-only|competing-ekavian-sources|fewer-than-three-compatible-msd-slots|fewer-than-two-changed-surface-pairs
review,,,,1224,90345,pretisak,pritisak,,i→e,,NOUN,0,0,0,i-reflex-review-only|competing-ijekavian-targets|competing-ekavian-sources|fewer-than-three-compatible-msd-slots|fewer-than-two-changed-surface-pairs
known,,,,1226,90227,sprečiti,spriječiti,spričiti,ije→e,sprečenost↔spriječenost,ADJ|ADV|VERB,60,60,16,ambiguous-surface-variants
review,,,,1232,89643,umetnost,umjetnost,umitnost,je→e,delatnost↔djelatnost,NOUN,13,13,1,ambiguous-surface-variants
review,,,,1241,88754,preći,prijeći,prići,ije→e,pre↔prije,ADJ|ADV|VERB,60,53,16,ambiguous-surface-variants
known,,,,1255,87725,proveriti,provjeriti,proviriti,je→e,overiti↔ovjeriti,ADJ|ADV|VERB,60,60,16,ambiguous-surface-variants
known,,,,1261,87155,nameniti,namijeniti,naminiti,ije→e,zameniti↔zamijeniti,ADJ|ADV|VERB,60,60,16,ambiguous-surface-variants
known,,,,1283,85810,podneti,podnijeti,podniti,ije→e,uneti↔unijeti,ADJ|ADV|VERB,60,50,16,ambiguous-surface-variants
review,,,,1292,84893,zvezda,zvijezda,zvizda,ije→e,,NOUN,13,13,1,no-higher-trust-family-anchor|ambiguous-surface-variants
known,,,,1297,84640,predvideti,predvidjeti,predviditi,je→e,videti↔vidjeti,ADJ|ADV|VERB,60,13,16,ambiguous-surface-variants
review,,,,1310,83693,lečenje,liječenje,ličenje,ije→e,,NOUN,13,13,1,no-higher-trust-family-anchor|ambiguous-surface-variants
known,,,,1312,83504,zameniti,zamijeniti,zaminiti,ije→e,nameniti↔namijeniti,ADJ|ADV|VERB,60,60,16,ambiguous-surface-variants
review,,,,1324,82316,podsećati,podsjećati,podsićati,je→e,,ADJ|ADV|VERB,60,60,16,no-higher-trust-family-anchor|ambiguous-surface-variants
review,,,,1326,82012,uveriti,uvjeriti,uviriti,je→e,overiti↔ovjeriti,ADJ|ADV|VERB,60,60,16,ambiguous-surface-variants
known,,,,1333,81726,odeća,odjeća,odića,je→e,odeljak↔odjeljak,NOUN,13,13,1,ambiguous-surface-variants
review,,,,1358,79710,dečji,dječji,dičji,je→e,,ADJ,28,28,16,no-higher-trust-family-anchor|ambiguous-surface-variants
review,,,,1360,79378,naselje,nasilje,,i→e,,NOUN,0,0,0,i-reflex-review-only|competing-ijekavian-targets|competing-ekavian-sources|fewer-than-three-compatible-msd-slots|fewer-than-two-changed-surface-pairs
review,,,,1373,78507,umetnik,umjetnik,umitnik,je→e,umetnički↔umjetnički,NOUN,13,13,1,ambiguous-surface-variants
review,,,,1377,78148,retko,rijetko,ritko,ije→e,,ADV,3,3,0,no-higher-trust-family-anchor
known,,,,1384,77620,zahtevati,zahtijevati,zahtivati,ije→e,,ADJ|ADV|VERB,60,60,16,no-higher-trust-family-anchor|ambiguous-surface-variants
review,,,,1389,77452,udel,udjel,udil,je→e,,NOUN,13,13,1,no-higher-trust-family-anchor|ambiguous-surface-variants
known,,,,1401,77031,najpre,najprije,najpri,ije→e,pre↔prije,ADV,1,1,0,fewer-than-three-compatible-msd-slots|fewer-than-two-changed-surface-pairs
review,,,,1407,76593,prosečan,prosječan,prosičan,je→e,prosek↔prosjek,ADJ,37,37,16,ambiguous-surface-variants
review,,,,1422,75748,poset,posjet,posit,je→e,posed↔posjed,NOUN,13,13,1,ambiguous-surface-variants
review,,,,1424,75646,lepota,ljepota,lipota,je→e,,NOUN,13,13,1,no-higher-trust-family-anchor|ambiguous-surface-variants
known,,,,1431,75315,svedok,svjedok,svidok,je→e,svedokinja↔svjedokinja,NOUN,13,13,1,ambiguous-surface-variants
review,,,,1445,74483,stezati,stizati,,i→e,,ADJ|ADV|VERB,0,0,0,i-reflex-review-only|competing-ijekavian-targets|competing-ekavian-sources|fewer-than-three-compatible-msd-slots|fewer-than-two-changed-surface-pairs
accepted,,,,1448,74094,sesti,sjesti,sisti,je→e,zaposesti↔zaposjesti,ADV|VERB,23,23,0,
known,,,,1449,74085,procena,procjena,procina,je→e,ocena↔ocjena,NOUN,13,13,1,ambiguous-surface-variants
known,,,,1453,73940,posedovati,posjedovati,posidovati,je→e,posed↔posjed,ADJ|ADV|VERB,60,60,16,ambiguous-surface-variants
review,,,,1465,73540,izvešće,izvješće,izvišće,je→e,izveštaj↔izvještaj,NOUN,13,13,1,ambiguous-surface-variants
known,,,,1474,73301,ocena,ocjena,ocina,je→e,procena↔procjena,NOUN,13,13,1,ambiguous-surface-variants
review,,,,1485,72739,pobednik,pobjednik,pobidnik,je→e,naslednik↔nasljednik,NOUN,13,13,1,ambiguous-surface-variants
known,,,,1497,72189,izneti,iznijeti,izniti,ije→e,uneti↔unijeti,ADJ|ADV|VERB,60,50,16,ambiguous-surface-variants
review,,,,1519,70961,usmeriti,usmjeriti,usmiriti,je→e,odmeriti↔odmjeriti,ADJ|ADV|VERB,60,60,16,ambiguous-surface-variants
known,,,,1520,70944,mleko,mlijeko,mliko,ije→e,,NOUN,13,13,1,no-higher-trust-family-anchor|ambiguous-surface-variants
review,,,,1530,70547,svedočiti,svjedočiti,svidočiti,je→e,svedok↔svjedok,ADJ|ADV|VERB,60,60,16,ambiguous-surface-variants
known,,,,1555,69332,sudelovanje,sudjelovanje,sudilovanje,je→e,delovanje↔djelovanje,NOUN,13,13,1,ambiguous-surface-variants
review,,,,1576,68352,pretiti,prijetiti,prititi,ije→e,pre↔prije,ADV|VERB,17,17,6,ambiguous-surface-variants
known,,,,1581,67988,preneti,prenijeti,preniti,ije→e,uneti↔unijeti,ADJ|ADV|VERB,60,50,16,ambiguous-surface-variants
review,,,,1586,67864,boleti,boljeti,boliti,je→e,voleti↔voljeti,ADJ|ADV|VERB,54,6,16,ambiguous-surface-variants
review,,,,1598,67525,nigde,nigdje,nigdi,je→e,gde↔gdje,ADV,1,1,0,fewer-than-three-compatible-msd-slots|fewer-than-two-changed-surface-pairs
known,,,,1607,66923,reka,rijeka,rika,ije→e,,NOUN,13,13,1,no-higher-trust-family-anchor|ambiguous-surface-variants
review,,,,1610,66688,levi,lijevi,livi,ije→e,levo↔lijevo,ADJ,27,27,16,ambiguous-surface-variants
known,,,,1615,66459,poverenje,povjerenje,povirenje,je→e,povereni↔povjereni,NOUN,13,13,1,ambiguous-surface-variants
known,,,,1616,66435,unapred,unaprijed,unaprid,ije→e,napred↔naprijed,ADV,1,1,0,fewer-than-three-compatible-msd-slots|fewer-than-two-changed-surface-pairs
review,,,,1663,64502,prevoz,prijevoz,privoz,ije→e,pre↔prije,NOUN,13,13,1,ambiguous-surface-variants
review,,,,1665,64415,tek,tijek,tik,ije→e,,NOUN,14,14,0,no-higher-trust-family-anchor
review,,,,1666,64401,poverenstvo,povjerenstvo,povirenstvo,je→e,povereni↔povjereni,NOUN,13,13,1,ambiguous-surface-variants
known,,,,1683,63731,oceniti,ocijeniti,ociniti,ije→e,proceniti↔procijeniti,ADJ|ADV|VERB,60,60,16,ambiguous-surface-variants
known,,,,1694,63324,nameravati,namjeravati,namiravati,je→e,namera↔namjera,ADJ|ADV|VERB,60,60,16,ambiguous-surface-variants
known,,,,1698,63114,ceniti,cijeniti,ciniti,ije→e,oceniti↔ocijeniti,ADJ|ADV|VERB,60,60,16,ambiguous-surface-variants
review,,,,1702,63044,pobeći,pobjeći,pobići,je→e,izbeći↔izbjeći,ADV|VERB,20,20,3,ambiguous-surface-variants
known,,,,1703,62975,primetiti,primijetiti,primititi,ije→e,,ADJ|ADV|VERB,60,60,16,no-higher-trust-family-anchor|ambiguous-surface-variants
known,,,,1705,62801,svest,svijest,svist,ije→e,vest↔vijest,NOUN,13,13,1,ambiguous-surface-variants
review,,,,1710,62619,međuvreme,međuvrijeme,međuvrime,ije→e,vreme↔vrijeme,NOUN,13,3,1,ambiguous-surface-variants
known,,,,1713,62471,delatnost,djelatnost,dilatnost,je→e,delo↔djelo,NOUN,13,13,1,ambiguous-surface-variants
known,,,,1727,61629,rešavati,rješavati,rišavati,je→e,razrešavati↔razrješavati,ADJ|ADV|VERB,60,60,16,ambiguous-surface-variants
known,,,,1734,61212,izbegavati,izbjegavati,izbigavati,je→e,izbeći↔izbjeći,ADJ|ADV|VERB,60,60,16,ambiguous-surface-variants
review,,,,1739,61132,popeti,popiti,,i→e,,ADV|VERB,0,0,0,i-reflex-review-only|competing-ijekavian-targets|competing-ekavian-sources|fewer-than-three-compatible-msd-slots|fewer-than-two-changed-surface-pairs
review,,,,1749,60694,ozleda,ozljeda,ozlida,je→e,,NOUN,13,13,1,no-higher-trust-family-anchor|ambiguous-surface-variants
known,,,,1752,60639,greh,grijeh,grih,ije→e,,NOUN,6,6,8,no-higher-trust-family-anchor|ambiguous-surface-variants
review,,,,1755,60463,štetiti,štititi,,i→e,,ADV|VERB,0,0,0,i-reflex-review-only|competing-ijekavian-targets|competing-ekavian-sources|fewer-than-three-compatible-msd-slots|fewer-than-two-changed-surface-pairs
review,,,,1758,60369,severni,sjeverni,siverni,je→e,,ADJ,27,27,16,no-higher-trust-family-anchor|ambiguous-surface-variants
known,,,,1767,59878,rešavanje,rješavanje,rišavanje,je→e,rešavati↔rješavati,NOUN,13,13,1,ambiguous-surface-variants
known,,,,1768,59797,vetar,vjetar,vitar,je→e,,NOUN,14,14,0,no-higher-trust-family-anchor
review,,,,1789,58930,ozlediti,ozlijediti,ozliditi,ije→e,slediti↔slijediti,ADJ|ADV|VERB,60,60,16,ambiguous-surface-variants
known,,,,1800,58660,izbeći,izbjeći,izbići,je→e,izbegavati↔izbjegavati,ADJ|ADV|VERB,57,57,19,ambiguous-surface-variants
known,,,,1814,58283,primenjivati,primjenjivati,priminjivati,je→e,primenjivi↔primjenjivi,ADJ|ADV|VERB,60,60,16,ambiguous-surface-variants
known,,,,1829,57835,uslediti,uslijediti,usliditi,ije→e,slediti↔slijediti,ADV|VERB,23,23,0,
known,,,,1831,57796,predsednica,predsjednica,predsidnica,je→e,sednica↔sjednica,NOUN,13,13,1,ambiguous-surface-variants
review,,,,1839,57645,vežba,vježba,vižba,je→e,,NOUN,13,13,1,no-higher-trust-family-anchor|ambiguous-surface-variants
review,,,,1852,57096,proleće,proljeće,proliće,je→e,,NOUN,13,13,1,no-higher-trust-family-anchor|ambiguous-surface-variants
known,,,,1855,56832,zamena,zamjena,zamina,je→e,namena↔namjena,NOUN,13,13,1,ambiguous-surface-variants
review,,,,1858,56766,preživeti,preživjeti,preživiti,je→e,živeti↔živjeti,ADJ|ADV|VERB,60,50,16,ambiguous-surface-variants
known,,,,1873,56357,umetnički,umjetnički,umitnički,je→e,,ADJ|ADV,84,84,48,no-higher-trust-family-anchor|ambiguous-surface-variants
known,,,,1885,55975,izmena,izmjena,izmina,je→e,razmena↔razmjena,NOUN,13,13,1,ambiguous-surface-variants
review,,,,1889,55761,mesija,misija,,i→e,,NOUN,0,0,0,i-reflex-review-only|competing-ijekavian-targets|competing-ekavian-sources|fewer-than-three-compatible-msd-slots|fewer-than-two-changed-surface-pairs
review,,,,1900,55337,telesni,tjelesni,tilesni,je→e,mesni↔mjesni,ADJ,27,27,16,ambiguous-surface-variants
review,,,,1904,55226,redak,rijedak,ridak,ije→e,,ADJ,91,91,48,no-higher-trust-family-anchor|ambiguous-surface-variants
known,,,,1911,54984,celina,cjelina,cilina,je→e,celishodnost↔cjelishodnost,NOUN,13,13,1,ambiguous-surface-variants
review,,,,1920,54637,sused,susjed,susid,je→e,susedni↔susjedni,NOUN,13,13,1,ambiguous-surface-variants
review,,,,1929,54158,savetovati,savjetovati,savitovati,je→e,savet↔savjet,ADJ|ADV|VERB,65,65,17,ambiguous-surface-variants
review,,,,1931,54141,nemalo,nimalo,,i→e,,ADV,0,0,0,i-reflex-review-only|competing-ijekavian-targets|competing-ekavian-sources|fewer-than-three-compatible-msd-slots|fewer-than-two-changed-surface-pairs
review,,,,1957,53483,prevući,privući,,i→e,,ADJ|ADV|VERB,0,0,0,i-reflex-review-only|competing-ijekavian-targets|competing-ekavian-sources|fewer-than-three-compatible-msd-slots|fewer-than-two-changed-surface-pairs
review,,,,1980,52683,desetleće,desetljeće,desetliće,je→e,,NOUN,13,13,1,no-higher-trust-family-anchor|ambiguous-surface-variants
known,,,,1986,52422,obavestiti,obavijestiti,obavistiti,ije→e,izvestiti↔izvijestiti,ADJ|ADV|VERB,23,23,0,
known,,,,1991,52282,izvestiti,izvijestiti,izvistiti,ije→e,obavestiti↔obavijestiti,ADJ|ADV|VERB,29,29,53,ambiguous-surface-variants
known,,,,2001,52127,sneg,snijeg,snig,ije→e,,NOUN,13,13,1,no-higher-trust-family-anchor|ambiguous-surface-variants
review,,,,2015,51410,prestati,pristati,,i→e,,ADV|VERB,0,0,0,i-reflex-review-only|competing-ijekavian-targets|competing-ekavian-sources|fewer-than-three-compatible-msd-slots|fewer-than-two-changed-surface-pairs
review,,,,2024,51080,zapovednik,zapovjednik,zapovidnik,je→e,,NOUN,13,13,1,no-higher-trust-family-anchor|ambiguous-surface-variants
review,,,,2025,51054,poželeti,poželjeti,poželiti,je→e,želeti↔željeti,ADJ|ADV|VERB,60,13,16,ambiguous-surface-variants
review,,,,2028,50804,berač,birač,,i→e,,NOUN,0,0,0,i-reflex-review-only|competing-ijekavian-targets|competing-ekavian-sources|fewer-than-three-compatible-msd-slots|fewer-than-two-changed-surface-pairs
known,,,,2030,50764,razumevanje,razumijevanje,razumivanje,ije→e,,NOUN,13,13,1,no-higher-trust-family-anchor|ambiguous-surface-variants
review,,,,2038,50618,dečak,dječak,dičak,je→e,,NOUN,13,13,1,no-higher-trust-family-anchor|ambiguous-surface-variants
known,,,,2040,50588,primerak,primjerak,primirak,je→e,primer↔primjer,NOUN,13,13,1,ambiguous-surface-variants
known,,,,2066,49755,napred,naprijed,naprid,ije→e,unapred↔unaprijed,ADV,1,1,0,fewer-than-three-compatible-msd-slots|fewer-than-two-changed-surface-pairs
known,,,,2070,49636,dodeliti,dodijeliti,dodiliti,ije→e,podeliti↔podijeliti,ADJ|ADV|VERB,60,60,16,ambiguous-surface-variants
known,,,,2074,49463,zamenik,zamjenik,zaminik,je→e,zamena↔zamjena,NOUN,13,13,1,ambiguous-surface-variants
review,,,,2088,49154,uveren,uvjeren,uviren,je→e,uverenje↔uvjerenje,ADJ,91,91,48,ambiguous-surface-variants
review,,,,2100,48821,poluvreme,poluvrijeme,poluvrime,ije→e,vreme↔vrijeme,NOUN,13,3,1,ambiguous-surface-variants
known,,,,2118,48346,pretnja,prijetnja,pritnja,ije→e,pre↔prije,NOUN,13,13,1,ambiguous-surface-variants
review,,,,2142,47680,prosved,prosvjed,prosvid,je→e,prosveta↔prosvjeta,NOUN,13,13,1,ambiguous-surface-variants
review,,,,2143,47675,vrteti,vrtjeti,vrtiti,je→e,hteti↔htjeti,ADJ|ADV|VERB,60,12,16,ambiguous-surface-variants
review,,,,2151,47571,prenos,prijenos,prinos,ije→e,pre↔prije,NOUN,13,13,1,ambiguous-surface-variants
review,,,,2166,46990,svideti,svidjeti,sviditi,je→e,videti↔vidjeti,ADJ|ADV|VERB,60,50,16,ambiguous-surface-variants
review,,,,2171,46890,lečiti,liječiti,ličiti,ije→e,sprečiti↔spriječiti,ADJ|ADV|VERB,60,60,16,ambiguous-surface-variants
review,,,,2190,46278,većnik,vijećnik,vićnik,ije→e,veće↔vijeće,NOUN,13,13,1,ambiguous-surface-variants
review,,,,2194,46153,prekupiti,prikupiti,,i→e,,ADJ|ADV|VERB,0,0,0,i-reflex-review-only|competing-ijekavian-targets|competing-ekavian-sources|fewer-than-three-compatible-msd-slots|fewer-than-two-changed-surface-pairs
known,,,,2207,45802,proceniti,procijeniti,prociniti,ije→e,oceniti↔ocijeniti,ADJ|ADV|VERB,60,60,16,ambiguous-surface-variants
review,,,,2210,45749,ser,sir,,i→e,,NOUN,0,0,0,i-reflex-review-only|competing-ijekavian-targets|competing-ekavian-sources|fewer-than-three-compatible-msd-slots|fewer-than-two-changed-surface-pairs
review,,,,2212,45718,meriti,mjeriti,miriti,je→e,odmeriti↔odmjeriti,ADJ|ADV|VERB,60,60,16,ambiguous-surface-variants
review,,,,2213,45673,pevačica,pjevačica,pivačica,je→e,pevati↔pjevati,NOUN,12,12,2,ambiguous-surface-variants
review,,,,2220,45516,pevač,pjevač,pivač,je→e,pevati↔pjevati,NOUN,13,13,1,ambiguous-surface-variants
known,,,,2223,45411,izveštaj,izvještaj,izvištaj,je→e,izveštavanje↔izvještavanje,NOUN,12,12,2,ambiguous-surface-variants
known,,,,2232,45137,dole,dolje,doli,je→e,,ADV,1,1,0,no-higher-trust-family-anchor|fewer-than-three-compatible-msd-slots|fewer-than-two-changed-surface-pairs
known,,,,2243,44953,podrazumevati,podrazumijevati,podrazumivati,ije→e,,ADJ|ADV|VERB,60,60,16,no-higher-trust-family-anchor|ambiguous-surface-variants
review,,,,2257,44751,lestvica,ljestvica,listvica,je→e,,NOUN,13,13,1,no-higher-trust-family-anchor|ambiguous-surface-variants
accepted,,,,2262,44574,uspevati,uspijevati,uspivati,ije→e,podrazumevati↔podrazumijevati,ADV|VERB,23,23,0,
known,,,,2270,44404,mesečno,mjesečno,misečno,je→e,mesečni↔mjesečni,ADV,3,3,0,
known,,,,2285,44015,veština,vještina,viština,je→e,veštak↔vještak,NOUN,13,13,1,ambiguous-surface-variants
known,,,,2286,44004,podela,podjela,podila,je→e,preraspodela↔preraspodjela,NOUN,13,13,1,ambiguous-surface-variants
accepted,,,,2297,43764,devojčica,djevojčica,divojčica,je→e,devojka↔djevojka,NOUN,14,14,0,
review,,,,2300,43720,često,čisto,,i→e,,ADV,0,0,0,i-reflex-review-only|competing-ijekavian-targets|competing-ekavian-sources|fewer-than-three-compatible-msd-slots|fewer-than-two-changed-surface-pairs
known,,,,2307,43539,dodela,dodjela,dodila,je→e,dodeljivanje↔dodjeljivanje,NOUN,13,13,1,ambiguous-surface-variants
known,,,,2312,43441,razmena,razmjena,razmina,je→e,razmenjivati↔razmjenjivati,NOUN,13,13,1,ambiguous-surface-variants
review,,,,2316,43318,bežati,bježati,bižati,je→e,,ADV|VERB,23,23,0,no-higher-trust-family-anchor
review,,,,2320,43177,oduvek,oduvijek,oduvik,ije→e,uvek↔uvijek,ADV,1,1,0,fewer-than-three-compatible-msd-slots|fewer-than-two-changed-surface-pairs
review,,,,2322,43098,odneti,odnijeti,odniti,ije→e,podneti↔podnijeti,ADJ|ADV|VERB,60,50,16,ambiguous-surface-variants
known,,,,2332,42832,smeštaj,smještaj,smištaj,je→e,nameštaj↔namještaj,NOUN,13,13,1,ambiguous-surface-variants
review,,,,2337,42696,prestupiti,pristupiti,,i→e,,ADJ|ADV|VERB,0,0,0,i-reflex-review-only|competing-ijekavian-targets|competing-ekavian-sources|fewer-than-three-compatible-msd-slots|fewer-than-two-changed-surface-pairs
review,,,,2354,42448,celokupan,cjelokupan,cilokupan,je→e,celokupni↔cjelokupni,ADJ,64,64,32,ambiguous-surface-variants
review,,,,2386,41720,terati,tjerati,tirati,je→e,,ADJ|ADV|VERB,60,60,16,no-higher-trust-family-anchor|ambiguous-surface-variants
known,,,,2389,41643,procenjivati,procjenjivati,procinjivati,je→e,ocenjivati↔ocjenjivati,ADJ|ADV|VERB,60,60,16,ambiguous-surface-variants
known,,,,2392,41573,sedište,sjedište,sidište,je→e,,NOUN,13,13,1,no-higher-trust-family-anchor|ambiguous-surface-variants
accepted,,,,2419,40916,strelac,strijelac,strilac,ije→e,streljanje↔strijeljanje,NOUN,14,14,0,
review,,,,2442,40260,potpredsednik,potpredsjednik,potpredsidnik,je→e,predsednik↔predsjednik,NOUN,13,13,1,ambiguous-surface-variants
known,,,,2450,40047,sećanje,sjećanje,sićanje,je→e,,NOUN,13,13,1,no-higher-trust-family-anchor|ambiguous-surface-variants
review,,,,2472,39589,osetljiv,osjetljiv,ositljiv,je→e,,ADJ,64,64,32,no-higher-trust-family-anchor|ambiguous-surface-variants
review,,,,2480,39427,smešan,smiješan,smišan,ije→e,smeh↔smijeh,ADJ,37,37,16,ambiguous-surface-variants
known,,,,2495,39065,namerno,namjerno,namirno,je→e,namerni↔namjerni,ADV,2,2,0,fewer-than-three-compatible-msd-slots
review,,,,2503,38933,setan,sitan,,i→e,,ADJ,0,0,0,i-reflex-review-only|competing-ijekavian-targets|competing-ekavian-sources|fewer-than-three-compatible-msd-slots|fewer-than-two-changed-surface-pairs
known,,,,2505,38915,smena,smjena,smina,je→e,izmena↔izmjena,NOUN,13,13,1,ambiguous-surface-variants
known,,,,2569,37759,susedni,susjedni,susidni,je→e,,ADJ,27,27,16,no-higher-trust-family-anchor|ambiguous-surface-variants
review,,,,2592,37385,prevlačiti,privlačiti,,i→e,,ADJ|ADV|VERB,0,0,0,i-reflex-review-only|competing-ijekavian-targets|competing-ekavian-sources|fewer-than-three-compatible-msd-slots|fewer-than-two-changed-surface-pairs
known,,,,2595,37336,provera,provjera,provira,je→e,proveravati↔provjeravati,NOUN,13,13,1,ambiguous-surface-variants
known,,,,2609,37176,savetnik,savjetnik,savitnik,je→e,savet↔savjet,NOUN,13,13,1,ambiguous-surface-variants
accepted,,,,2620,36970,pridoneti,pridonijeti,pridoniti,ije→e,doneti↔donijeti,ADV|VERB,23,13,0,
review,,,,2622,36941,merno,mirno,,i→e,,ADV,0,0,0,i-reflex-review-only|competing-ijekavian-targets|competing-ekavian-sources|fewer-than-three-compatible-msd-slots|fewer-than-two-changed-surface-pairs
review,,,,2624,36894,premerka,premijerka,premirka,ije→e,,NOUN,13,13,1,no-higher-trust-family-anchor|ambiguous-surface-variants
review,,,,2625,36886,svetlost,svjetlost,svitlost,je→e,,NOUN,13,13,1,no-higher-trust-family-anchor|ambiguous-surface-variants
review,,,,2632,36811,prevod,prijevod,privod,ije→e,pre↔prije,NOUN,13,13,1,ambiguous-surface-variants
review,,,,2639,36752,koleno,koljeno,kolino,je→e,,NOUN,13,13,1,no-higher-trust-family-anchor|ambiguous-surface-variants
review,,,,2641,36731,trpeti,trpjeti,trpiti,je→e,pretrpeti↔pretrpjeti,ADJ|ADV|VERB,60,43,16,ambiguous-surface-variants
known,,,,2644,36686,uneti,unijeti,uniti,ije→e,doneti↔donijeti,ADJ|ADV|VERB,60,50,16,ambiguous-surface-variants
review,,,,2650,36614,naterati,natjerati,natirati,je→e,,ADJ|ADV|VERB,60,60,16,no-higher-trust-family-anchor|ambiguous-surface-variants
review,,,,2663,36401,onde,ondje,ondi,je→e,,ADV,1,1,0,no-higher-trust-family-anchor|fewer-than-three-compatible-msd-slots|fewer-than-two-changed-surface-pairs
review,,,,2668,36344,sever,sjever,siver,je→e,,NOUN,13,13,1,no-higher-trust-family-anchor|ambiguous-surface-variants
review,,,,2681,36156,vežbati,vježbati,vižbati,je→e,,ADJ|ADV|VERB,60,60,16,no-higher-trust-family-anchor|ambiguous-surface-variants
review,,,,2684,36127,vređati,vrijeđati,vriđati,ije→e,vreme↔vrijeme,ADJ|ADV|VERB,60,60,16,ambiguous-surface-variants
review,,,,2685,36069,poneti,ponijeti,poniti,ije→e,doneti↔donijeti,ADJ|ADV|VERB,60,50,16,ambiguous-surface-variants
review,,,,2686,36062,zauvek,zauvijek,zauvik,ije→e,uvek↔uvijek,ADV,1,1,0,fewer-than-three-compatible-msd-slots|fewer-than-two-changed-surface-pairs
review,,,,2705,35619,premera,premijera,premira,ije→e,,NOUN,13,13,1,no-higher-trust-family-anchor|ambiguous-surface-variants
review,,,,2709,35531,naneti,nanijeti,naniti,ije→e,uneti↔unijeti,ADJ|ADV|VERB,60,50,16,ambiguous-surface-variants
review,,,,2723,35210,meštanin,mještanin,mištanin,je→e,,NOUN,13,13,1,no-higher-trust-family-anchor|ambiguous-surface-variants
review,,,,2737,34966,detinjstvo,djetinjstvo,ditinjstvo,je→e,,NOUN,13,13,1,no-higher-trust-family-anchor|ambiguous-surface-variants
known,,,,2755,34624,smeh,smijeh,smih,ije→e,,NOUN,14,14,0,no-higher-trust-family-anchor
known,,,,2762,34539,upotrebiti,upotrijebiti,upotribiti,ije→e,,ADJ|ADV|VERB,60,60,16,no-higher-trust-family-anchor|ambiguous-surface-variants
known,,,,2770,34391,verski,vjerski,virski,je→e,vera↔vjera,ADJ|ADV,28,28,16,ambiguous-surface-variants
review,,,,2785,34244,večan,vječan,vičan,je→e,,ADJ,64,64,32,no-higher-trust-family-anchor|ambiguous-surface-variants
review,,,,2810,33870,nasmejati,nasmijati,,i→e,,ADJ|ADV|VERB,0,0,0,i-reflex-review-only|competing-ijekavian-targets|competing-ekavian-sources|fewer-than-three-compatible-msd-slots|fewer-than-two-changed-surface-pairs
known,,,,2815,33754,primeniti,primijeniti,priminiti,ije→e,ceniti↔cijeniti,ADJ|ADV|VERB,60,60,16,ambiguous-surface-variants
review,,,,2840,33292,prepasti,pripasti,,i→e,,ADV|VERB,0,0,0,i-reflex-review-only|competing-ijekavian-targets|competing-ekavian-sources|fewer-than-three-compatible-msd-slots|fewer-than-two-changed-surface-pairs
review,,,,2845,33181,cveće,cvijeće,cviće,ije→e,veće↔vijeće,NOUN,6,6,1,ambiguous-surface-variants
known,,,,2858,32978,grejanje,grijanje,,i→e,,NOUN,13,0,1,i-reflex-review-only|competing-ijekavian-targets|competing-ekavian-sources|fewer-than-two-changed-surface-pairs|ambiguous-surface-variants
review,,,,2860,32940,predsednički,predsjednički,predsidnički,je→e,predsednik↔predsjednik,ADJ,27,27,16,ambiguous-surface-variants
known,,,,2871,32740,nega,njega,niga,je→e,,NOUN,13,13,1,no-higher-trust-family-anchor|ambiguous-surface-variants
review,,,,2880,32642,predsedništvo,predsjedništvo,predsidništvo,je→e,predsednik↔predsjednik,NOUN,13,13,1,ambiguous-surface-variants
review,,,,2907,32187,podretlo,podrijetlo,podritlo,ije→e,,NOUN,13,13,1,no-higher-trust-family-anchor|ambiguous-surface-variants
review,,,,2916,32084,kleknuti,kliknuti,,i→e,,ADV|VERB,0,0,0,i-reflex-review-only|competing-ijekavian-targets|competing-ekavian-sources|fewer-than-three-compatible-msd-slots|fewer-than-two-changed-surface-pairs
review,,,,2925,32027,prelaz,prijelaz,prilaz,ije→e,pre↔prije,NOUN,12,12,2,ambiguous-surface-variants
review,,,,2931,31939,tesak,tisak,,i→e,,NOUN,0,0,0,i-reflex-review-only|competing-ijekavian-targets|competing-ekavian-sources|fewer-than-three-compatible-msd-slots|fewer-than-two-changed-surface-pairs
known,,,,2949,31601,mešati,miješati,mišati,ije→e,umešati↔umiješati,ADJ|ADV|VERB,60,60,16,ambiguous-surface-variants
review,,,,2969,31401,derati,dirati,,i→e,,ADJ|ADV|VERB,0,0,0,i-reflex-review-only|competing-ijekavian-targets|competing-ekavian-sources|fewer-than-three-compatible-msd-slots|fewer-than-two-changed-surface-pairs
review,,,,2986,31232,prevesti,privesti,,i→e,,ADJ|ADV|VERB,0,0,0,i-reflex-review-only|competing-ijekavian-targets|competing-ekavian-sources|fewer-than-three-compatible-msd-slots|fewer-than-two-changed-surface-pairs
known,,,,3004,31008,ocenjivati,ocjenjivati,ocinjivati,je→e,procenjivati↔procjenjivati,ADJ|ADV|VERB,60,60,16,ambiguous-surface-variants
review,,,,3046,30403,zahtevan,zahtjevan,zahtivan,je→e,zahtev↔zahtjev,ADJ,64,64,32,ambiguous-surface-variants
review,,,,3069,30223,omer,omjer,omir,je→e,premer↔premjer,NOUN,13,13,1,ambiguous-surface-variants
review,,,,3085,29967,poreklo,porijeklo,poriklo,ije→e,,NOUN,13,13,1,no-higher-trust-family-anchor|ambiguous-surface-variants
known,,,,3092,29883,mesni,mjesni,misni,je→e,izvesni↔izvjesni,ADJ,27,27,16,ambiguous-surface-variants
known,,,,3097,29824,namena,namjena,namina,je→e,namenski↔namjenski,NOUN,13,13,1,ambiguous-surface-variants
review,,,,3099,29811,svež,svjež,sviž,je→e,svedok↔svjedok,ADJ,91,91,48,ambiguous-surface-variants
known,,,,3100,29804,nameštaj,namještaj,namištaj,je→e,smeštaj↔smještaj,NOUN,13,13,1,ambiguous-surface-variants
review,,,,3111,29677,veran,vjeran,viran,je→e,vera↔vjera,ADJ,37,37,16,ambiguous-surface-variants
review,,,,3112,29666,pesnik,pjesnik,pisnik,je→e,pesma↔pjesma,NOUN,13,13,1,ambiguous-surface-variants
review,,,,3117,29580,namernica,namirnica,,i→e,,NOUN,14,0,0,i-reflex-review-only|competing-ijekavian-targets|competing-ekavian-sources|fewer-than-two-changed-surface-pairs
review,,,,3143,29151,koren,korijen,korin,ije→e,,NOUN,13,13,1,no-higher-trust-family-anchor|ambiguous-surface-variants
known,,,,3145,29134,celost,cijelost,cilost,ije→e,,NOUN,13,13,1,no-higher-trust-family-anchor|ambiguous-surface-variants
review,,,,3151,29027,drugde,drugdje,drugdi,je→e,gde↔gdje,ADV,1,1,0,fewer-than-three-compatible-msd-slots|fewer-than-two-changed-surface-pairs
review,,,,3154,29006,neretko,nerijetko,neritko,ije→e,,ADV,1,1,0,no-higher-trust-family-anchor|fewer-than-three-compatible-msd-slots|fewer-than-two-changed-surface-pairs
review,,,,3160,28961,usled,uslijed,uslid,ije→e,uslediti↔uslijediti,ADP|ADV,2,2,0,conflicts-with-higher-trust-ekavian-map|fewer-than-three-compatible-msd-slots
review,,,,3165,28920,pogrešiti,pogriješiti,pogrišiti,ije→e,rešiti↔riješiti,ADJ|ADV|VERB,60,60,16,ambiguous-surface-variants
known,,,,3167,28911,uverenje,uvjerenje,uvirenje,je→e,poverenje↔povjerenje,NOUN,13,13,1,ambiguous-surface-variants
known,,,,3175,28858,venčanje,vjenčanje,vinčanje,je→e,venčani↔vjenčani,NOUN,13,13,1,ambiguous-surface-variants
accepted,,,,3205,28576,prisetiti,prisjetiti,prisititi,je→e,osetiti↔osjetiti,ADV|VERB,23,23,0,
review,,,,3207,28540,slep,slijep,slip,ije→e,lep↔lijep,ADJ,91,91,48,ambiguous-surface-variants
review,,,,3209,28500,premaran,primaran,,i→e,,ADJ,0,0,0,i-reflex-review-only|competing-ijekavian-targets|competing-ekavian-sources|fewer-than-three-compatible-msd-slots|fewer-than-two-changed-surface-pairs
review,,,,3212,28458,šuteti,šutiti,,i→e,,ADV|VERB,11,0,0,i-reflex-review-only|competing-ekavian-sources|fewer-than-two-changed-surface-pairs
review,,,,3220,28370,negovati,njegovati,nigovati,je→e,nega↔njega,ADJ|ADV|VERB,60,60,16,ambiguous-surface-variants
review,,,,3276,27591,deoničar,dioničar,,i→e,,NOUN,13,0,1,i-reflex-review-only|competing-ijekavian-targets|competing-ekavian-sources|fewer-than-two-changed-surface-pairs|ambiguous-surface-variants
review,,,,3289,27434,osečki,osječki,osički,je→e,,ADJ|ADV,56,56,32,no-higher-trust-family-anchor|ambiguous-surface-variants
review,,,,3305,27288,merenje,mjerenje,mirenje,je→e,poverenje↔povjerenje,NOUN,13,13,1,ambiguous-surface-variants
review,,,,3307,27248,mesečan,mjesečan,misečan,je→e,mesec↔mjesec,ADJ,91,91,48,ambiguous-surface-variants
known,,,,3342,26728,cvet,cvijet,cvit,ije→e,,NOUN,7,7,7,no-higher-trust-family-anchor|ambiguous-surface-variants
review,,,,3349,26661,svugde,svugdje,svugdi,je→e,gde↔gdje,ADV,1,1,0,fewer-than-three-compatible-msd-slots|fewer-than-two-changed-surface-pairs
review,,,,3370,26480,svetao,svijetao,svitao,ije→e,svest↔svijest,ADJ,91,91,48,ambiguous-surface-variants
review,,,,3379,26356,prevremen,privremen,,i→e,,ADJ,0,0,0,i-reflex-review-only|competing-ekavian-sources|fewer-than-three-compatible-msd-slots|fewer-than-two-changed-surface-pairs
review,,,,3431,25665,uverljiv,uvjerljiv,uvirljiv,je→e,uverljivost↔uvjerljivost,ADJ,64,64,32,ambiguous-surface-variants
review,,,,3437,25578,smejati,smijati,,i→e,,ADV|VERB,23,0,0,i-reflex-review-only|competing-ijekavian-targets|competing-ekavian-sources|fewer-than-two-changed-surface-pairs
known,,,,3441,25537,rasveta,rasvjeta,rasvita,je→e,prosveta↔prosvjeta,NOUN,13,13,1,ambiguous-surface-variants
known,,,,3460,25331,naslednik,nasljednik,naslidnik,je→e,nasledni↔nasljedni,NOUN,13,13,1,ambiguous-surface-variants
review,,,,3467,25282,vežbanje,vježbanje,vižbanje,je→e,,NOUN,13,13,1,no-higher-trust-family-anchor|ambiguous-surface-variants
review,,,,3470,25251,prestajati,pristajati,,i→e,,ADV|VERB,0,0,0,i-reflex-review-only|competing-ijekavian-targets|competing-ekavian-sources|fewer-than-three-compatible-msd-slots|fewer-than-two-changed-surface-pairs
review,,,,3497,24970,cev,cijev,civ,ije→e,,NOUN,13,13,1,no-higher-trust-family-anchor|ambiguous-surface-variants
known,,,,3499,24947,levo,lijevo,livo,ije→e,,ADV,1,1,0,no-higher-trust-family-anchor|fewer-than-three-compatible-msd-slots|fewer-than-two-changed-surface-pairs
accepted,,,,3501,24932,goreti,gorjeti,goriti,je→e,hteti↔htjeti,ADV|VERB,23,6,0,
known,,,,3534,24653,poveriti,povjeriti,poviriti,je→e,overiti↔ovjeriti,ADJ|ADV|VERB,60,60,16,ambiguous-surface-variants
review,,,,3535,24642,primećivati,primjećivati,primićivati,je→e,primer↔primjer,ADJ|ADV|VERB,60,60,16,ambiguous-surface-variants
review,,,,3560,24430,čovečanstvo,čovječanstvo,čovičanstvo,je→e,čovek↔čovjek,NOUN,13,13,1,ambiguous-surface-variants
review,,,,3562,24425,štedeti,štedjeti,štediti,je→e,videti↔vidjeti,ADJ|ADV|VERB,60,6,16,ambiguous-surface-variants
review,,,,3569,24373,prerodno,prirodno,,i→e,,ADV,0,0,0,i-reflex-review-only|competing-ijekavian-targets|competing-ekavian-sources|fewer-than-three-compatible-msd-slots|fewer-than-two-changed-surface-pairs
review,,,,3574,24272,savest,savjest,savist,je→e,savesni↔savjesni,NOUN,13,13,1,ambiguous-surface-variants
review,,,,3577,24218,posećivati,posjećivati,posićivati,je→e,posed↔posjed,ADJ|ADV|VERB,60,60,16,ambiguous-surface-variants
known,,,,3580,24167,izmeniti,izmijeniti,izminiti,ije→e,ceniti↔cijeniti,ADJ|ADV|VERB,60,60,16,ambiguous-surface-variants
known,,,,3581,24151,uveravati,uvjeravati,uviravati,je→e,overavati↔ovjeravati,ADJ|ADV|VERB,60,60,16,ambiguous-surface-variants
known,,,,3595,24021,povrediti,povrijediti,povriditi,ije→e,obezvrediti↔obezvrijediti,ADJ|ADV|VERB,60,60,16,ambiguous-surface-variants
review,,,,3621,23855,grešiti,griješiti,grišiti,ije→e,rešiti↔riješiti,ADJ|ADV|VERB,60,60,16,ambiguous-surface-variants
known,,,,3625,23824,poverovati,povjerovati,povirovati,je→e,verovati↔vjerovati,ADJ|ADV|VERB,60,60,16,ambiguous-surface-variants
accepted,,,,3636,23722,naleteti,naletjeti,naletiti,je→e,hteti↔htjeti,ADV|VERB,23,13,0,
known,,,,3637,23714,proveravati,provjeravati,proviravati,je→e,overavati↔ovjeravati,ADJ|ADV|VERB,60,60,16,ambiguous-surface-variants
known,,,,3639,23700,pesak,pijesak,pisak,ije→e,,NOUN,13,13,1,no-higher-trust-family-anchor|ambiguous-surface-variants
review,,,,3646,23603,doprineti,doprinijeti,dopriniti,ije→e,uneti↔unijeti,ADJ|ADV|VERB,60,50,16,ambiguous-surface-variants
review,,,,3675,23331,preterano,pretjerano,pretirano,je→e,,ADV,2,2,1,no-higher-trust-family-anchor|fewer-than-three-compatible-msd-slots|ambiguous-surface-variants
review,,,,3682,23260,preći,prići,,i→e,,ADV|VERB,0,0,0,i-reflex-review-only|competing-ekavian-sources|fewer-than-three-compatible-msd-slots|fewer-than-two-changed-surface-pairs
known,,,,3710,22965,primedba,primjedba,primidba,je→e,primer↔primjer,NOUN,13,13,1,ambiguous-surface-variants
review,,,,3718,22897,pevanje,pjevanje,pivanje,je→e,delovanje↔djelovanje,NOUN,13,13,1,ambiguous-surface-variants
review,,,,3732,22801,osmeh,osmijeh,osmih,ije→e,smeh↔smijeh,NOUN,14,14,0,competing-ijekavian-targets
review,,,,3735,22787,pomeriti,pomiriti,,i→e,,ADJ|ADV|VERB,0,0,0,i-reflex-review-only|competing-ijekavian-targets|competing-ekavian-sources|fewer-than-three-compatible-msd-slots|fewer-than-two-changed-surface-pairs
review,,,,3756,22635,čestoća,čistoća,,i→e,,NOUN,0,0,0,i-reflex-review-only|competing-ijekavian-targets|competing-ekavian-sources|fewer-than-three-compatible-msd-slots|fewer-than-two-changed-surface-pairs
review,,,,3760,22568,menjač,mjenjač,minjač,je→e,,NOUN,13,13,1,no-higher-trust-family-anchor|ambiguous-surface-variants
review,,,,3763,22565,obavest,obavijest,obavist,ije→e,obavestiti↔obavijestiti,NOUN,13,13,1,ambiguous-surface-variants
review,,,,3799,22203,crevo,crijevo,crivo,ije→e,levo↔lijevo,NOUN,13,13,1,ambiguous-surface-variants
review,,,,3804,22183,dodeljivati,dodjeljivati,dodiljivati,je→e,raspodeljivati↔raspodjeljivati,ADJ|ADV|VERB,60,60,16,ambiguous-surface-variants
review,,,,3809,22157,prevremeno,privremeno,,i→e,,ADV,0,0,0,i-reflex-review-only|competing-ijekavian-targets|competing-ekavian-sources|fewer-than-three-compatible-msd-slots|fewer-than-two-changed-surface-pairs
review,,,,3811,22146,smesa,smjesa,smisa,je→e,smestiti↔smjestiti,NOUN,13,13,1,ambiguous-surface-variants
known,,,,3826,22031,posed,posjed,posid,je→e,posedovati↔posjedovati,NOUN,13,13,1,ambiguous-surface-variants
known,,,,3847,21888,svesno,svjesno,svisno,je→e,nesvesno↔nesvjesno,ADV,2,2,0,fewer-than-three-compatible-msd-slots
review,,,,3879,21658,železnički,željeznički,želiznički,je→e,želeti↔željeti,ADJ|ADV,28,28,16,ambiguous-surface-variants
known,,,,3890,21488,poverenik,povjerenik,povirenik,je→e,povereni↔povjereni,NOUN,13,13,1,ambiguous-surface-variants
review,,,,3899,21441,mena,mina,,i→e,,NOUN,0,0,0,i-reflex-review-only|competing-ijekavian-targets|competing-ekavian-sources|fewer-than-three-compatible-msd-slots|fewer-than-two-changed-surface-pairs
review,,,,3907,21414,uvrediti,uvrijediti,uvriditi,ije→e,obezvrediti↔obezvrijediti,ADJ|ADV|VERB,60,60,16,ambiguous-surface-variants
review,,,,3915,21334,uverljivo,uvjerljivo,uvirljivo,je→e,uverljivost↔uvjerljivost,ADV,2,2,0,fewer-than-three-compatible-msd-slots
review,,,,3930,21223,beg,bijeg,big,ije→e,,NOUN,13,13,1,no-higher-trust-family-anchor|ambiguous-surface-variants
review,,,,3938,21154,nežan,nježan,nižan,je→e,,ADJ,64,64,32,no-higher-trust-family-anchor|ambiguous-surface-variants
known,,,,3942,21130,namestiti,namjestiti,namistiti,je→e,smestiti↔smjestiti,ADJ|ADV|VERB,60,60,16,ambiguous-surface-variants
review,,,,3956,20918,zameriti,zamjeriti,zamiriti,je→e,odmeriti↔odmjeriti,ADJ|ADV|VERB,60,60,16,ambiguous-surface-variants
review,,,,3973,20742,orentacija,orijentacija,orintacija,ije→e,,NOUN,13,13,1,no-higher-trust-family-anchor|ambiguous-surface-variants
review,,,,3983,20672,uštedeti,uštedjeti,uštediti,je→e,videti↔vidjeti,ADJ|ADV|VERB,60,13,16,ambiguous-surface-variants
review,,,,3988,20643,uvideti,uvidjeti,uviditi,je→e,videti↔vidjeti,ADJ|ADV|VERB,60,13,16,ambiguous-surface-variants
review,,,,3994,20587,mešavina,mješavina,mišavina,je→e,,NOUN,13,13,1,no-higher-trust-family-anchor|ambiguous-surface-variants
review,,,,4039,20165,pobeđivati,pobjeđivati,pobiđivati,je→e,obezbeđivati↔obezbjeđivati,ADJ|ADV|VERB,60,60,16,ambiguous-surface-variants
review,,,,4042,20150,stena,stijena,stina,ije→e,cena↔cijena,NOUN,13,13,1,ambiguous-surface-variants
review,,,,4044,20149,smeniti,smijeniti,sminiti,ije→e,izmeniti↔izmijeniti,ADJ|ADV|VERB,60,60,16,ambiguous-surface-variants
review,,,,4087,19883,net,nit,,i→e,,NOUN,0,0,0,i-reflex-review-only|competing-ijekavian-targets|competing-ekavian-sources|fewer-than-three-compatible-msd-slots|fewer-than-two-changed-surface-pairs
review,,,,4130,19622,rek,rijek,rik,ije→e,reka↔rijeka,NOUN,13,13,1,ambiguous-surface-variants
review,,,,4131,19621,oboleo,oboljeo,obolio,je→e,,ADJ,91,91,48,no-higher-trust-family-anchor|ambiguous-surface-variants
review,,,,4135,19613,latenski,latinski,,i→e,,ADJ|ADV,0,0,0,i-reflex-review-only|competing-ijekavian-targets|competing-ekavian-sources|fewer-than-three-compatible-msd-slots|fewer-than-two-changed-surface-pairs
review,,,,4151,19483,unaprediti,unaprijediti,unapriditi,ije→e,unapred↔unaprijed,ADJ|ADV|VERB,60,60,16,ambiguous-surface-variants
review,,,,4165,19370,stecanje,stjecanje,sticanje,je→e,,NOUN,13,13,1,no-higher-trust-family-anchor|ambiguous-surface-variants
review,,,,4167,19356,opusteti,opustiti,,i→e,,ADV|VERB,10,0,0,i-reflex-review-only|competing-ekavian-sources|fewer-than-two-changed-surface-pairs
review,,,,4175,19313,rečnik,rječnik,ričnik,je→e,,NOUN,13,13,1,no-higher-trust-family-anchor|ambiguous-surface-variants
review,,,,4188,19211,verovanje,vjerovanje,virovanje,je→e,verovati↔vjerovati,NOUN,13,13,1,ambiguous-surface-variants
review,,,,4189,19205,sled,slijed,slid,ije→e,slediti↔slijediti,NOUN,6,6,8,ambiguous-surface-variants
review,,,,4196,19154,uteha,utjeha,utiha,je→e,,NOUN,11,11,3,no-higher-trust-family-anchor|ambiguous-surface-variants
review,,,,4222,19000,zavet,zavjet,zavit,je→e,savet↔savjet,NOUN,13,13,1,ambiguous-surface-variants
review,,,,4224,18990,preteran,pretjeran,pretiran,je→e,,ADJ,54,54,85,no-higher-trust-family-anchor|ambiguous-surface-variants
review,,,,4246,18877,grejati,grijati,,i→e,,ADJ|ADV|VERB,60,0,16,i-reflex-review-only|competing-ijekavian-targets|competing-ekavian-sources|fewer-than-two-changed-surface-pairs|ambiguous-surface-variants
review,,,,4260,18813,naslediti,naslijediti,nasliditi,ije→e,slediti↔slijediti,ADJ|ADV|VERB,60,60,16,ambiguous-surface-variants
review,,,,4285,18615,proseka,prosjeka,prosika,je→e,prosek↔prosjek,NOUN,13,13,1,ambiguous-surface-variants
review,,,,4307,18477,venac,vijenac,vinac,ije→e,,NOUN,14,14,0,no-higher-trust-family-anchor
review,,,,4331,18352,izmeriti,izmjeriti,izmiriti,je→e,odmeriti↔odmjeriti,ADJ|ADV|VERB,60,60,16,ambiguous-surface-variants
review,,,,4338,18325,celovit,cjelovit,cilovit,je→e,celoviti↔cjeloviti,ADJ,64,64,32,ambiguous-surface-variants
review,,,,4340,18303,prosečno,prosječno,prosično,je→e,prosečni↔prosječni,ADV,1,1,0,fewer-than-three-compatible-msd-slots|fewer-than-two-changed-surface-pairs
review,,,,4348,18264,zapretiti,zaprijetiti,zaprititi,ije→e,,ADJ|ADV|VERB,60,60,16,no-higher-trust-family-anchor|ambiguous-surface-variants
accepted,,,,4364,18166,neuspeh,neuspjeh,neuspih,je→e,uspeh↔uspjeh,NOUN,14,14,0,
review,,,,4374,18132,oslabeti,oslabiti,,i→e,,ADV|VERB,10,0,0,i-reflex-review-only|competing-ijekavian-targets|competing-ekavian-sources|fewer-than-two-changed-surface-pairs
review,,,,4378,18120,poseta,posjeta,posita,je→e,posed↔posjed,NOUN,13,13,1,ambiguous-surface-variants
review,,,,4379,18116,benzen,benzin,,i→e,,NOUN,0,0,0,i-reflex-review-only|competing-ijekavian-targets|competing-ekavian-sources|fewer-than-three-compatible-msd-slots|fewer-than-two-changed-surface-pairs
review,,,,4426,17784,verojatnost,vjerojatnost,virojatnost,je→e,vera↔vjera,NOUN,13,13,1,ambiguous-surface-variants
known,,,,4467,17600,dospeti,dospjeti,dospiti,je→e,uspeti↔uspjeti,ADV|VERB,23,18,0,
review,,,,4469,17575,savetovanje,savjetovanje,savitovanje,je→e,savet↔savjet,NOUN,13,13,1,ambiguous-surface-variants
review,,,,4476,17529,železo,željezo,želizo,je→e,želeti↔željeti,NOUN,13,13,1,ambiguous-surface-variants
review,,,,4491,17462,pomešati,pomiješati,pomišati,ije→e,mešati↔miješati,ADJ|ADV|VERB,60,60,16,ambiguous-surface-variants
review,,,,4507,17383,smrdeti,smrdjeti,smrditi,je→e,videti↔vidjeti,ADJ|ADV|VERB,66,19,16,ambiguous-surface-variants
review,,,,4518,17324,reskirati,riskirati,,i→e,,ADJ|ADV|VERB,0,0,0,i-reflex-review-only|competing-ijekavian-targets|competing-ekavian-sources|fewer-than-three-compatible-msd-slots|fewer-than-two-changed-surface-pairs
review,,,,4549,17139,pregovor,prigovor,,i→e,,NOUN,0,0,0,i-reflex-review-only|competing-ijekavian-targets|competing-ekavian-sources|fewer-than-three-compatible-msd-slots|fewer-than-two-changed-surface-pairs
review,,,,4565,17050,otpevati,otpjevati,otpivati,je→e,pevati↔pjevati,ADJ|ADV|VERB,60,60,16,ambiguous-surface-variants
review,,,,4571,17007,sveća,svijeća,svića,ije→e,svest↔svijest,NOUN,13,13,1,ambiguous-surface-variants
review,,,,4626,16726,odeven,odjeven,odiven,je→e,snabdeven↔snabdjeven,ADJ,37,37,16,ambiguous-surface-variants
review,,,,4629,16718,zagrejati,zagrijati,,i→e,,ADJ|ADV|VERB,60,0,16,i-reflex-review-only|competing-ijekavian-targets|competing-ekavian-sources|fewer-than-two-changed-surface-pairs|ambiguous-surface-variants
review,,,,4631,16716,enterijer,interijer,,i→e,,NOUN,0,0,0,i-reflex-review-only|competing-ijekavian-targets|competing-ekavian-sources|fewer-than-three-compatible-msd-slots|fewer-than-two-changed-surface-pairs
review,,,,4634,16706,tromesečje,tromjesečje,tromisečje,je→e,,NOUN,13,13,1,no-higher-trust-family-anchor|conflicts-with-higher-trust-ekavian-map|ambiguous-surface-variants
review,,,,4640,16686,devica,djevica,divica,je→e,,NOUN,13,13,1,no-higher-trust-family-anchor|ambiguous-surface-variants
accepted,,,,4659,16603,većnica,vijećnica,vićnica,ije→e,veće↔vijeće,NOUN,14,14,0,
review,,,,4672,16511,prepisivati,pripisivati,,i→e,,ADJ|ADV|VERB,0,0,0,i-reflex-review-only|competing-ijekavian-targets|competing-ekavian-sources|fewer-than-three-compatible-msd-slots|fewer-than-two-changed-surface-pairs
review,,,,4675,16484,prosvedovati,prosvjedovati,prosvidovati,je→e,prosveta↔prosvjeta,ADV|VERB,28,28,1,ambiguous-surface-variants
review,,,,4676,16472,izvestan,izvjestan,izvistan,je→e,izvesni↔izvjesni,ADJ,64,64,32,ambiguous-surface-variants
review,,,,4680,16453,zapremiti,zaprimiti,,i→e,,ADJ|ADV|VERB,0,0,0,i-reflex-review-only|competing-ijekavian-targets|competing-ekavian-sources|fewer-than-three-compatible-msd-slots|fewer-than-two-changed-surface-pairs
review,,,,4688,16431,vesnik,vjesnik,visnik,je→e,,NOUN,14,14,1,no-higher-trust-family-anchor|ambiguous-surface-variants
review,,,,4689,16412,smernica,smjernica,smirnica,je→e,menica↔mjenica,NOUN,13,13,1,ambiguous-surface-variants
review,,,,4703,16330,razmer,razmjer,razmir,je→e,razmera↔razmjera,NOUN,13,13,1,ambiguous-surface-variants
review,,,,4722,16228,prisećati,prisjećati,prisićati,je→e,,ADV|VERB,23,23,0,no-higher-trust-family-anchor
review,,,,4729,16204,merilo,mjerilo,mirilo,je→e,mera↔mjera,NOUN,13,13,1,ambiguous-surface-variants
review,,,,4736,16165,oboleti,oboljeti,oboliti,je→e,voleti↔voljeti,ADJ|ADV|VERB,60,13,16,ambiguous-surface-variants
review,,,,4738,16151,lečiti,ličiti,,i→e,,ADJ|ADV|VERB,0,0,0,i-reflex-review-only|competing-ekavian-sources|fewer-than-three-compatible-msd-slots|fewer-than-two-changed-surface-pairs
review,,,,4742,16131,veronauk,vjeronauk,vironauk,je→e,vera↔vjera,NOUN,13,13,1,ambiguous-surface-variants
review,,,,4753,16067,preterati,pretjerati,pretirati,je→e,,ADJ|ADV|VERB,60,60,16,no-higher-trust-family-anchor|ambiguous-surface-variants
review,,,,4759,16042,bes,bijes,bis,ije→e,,NOUN,14,14,0,no-higher-trust-family-anchor
review,,,,4769,16000,usmeravati,usmjeravati,usmiravati,je→e,nameravati↔namjeravati,ADJ|ADV|VERB,60,60,16,ambiguous-surface-variants
review,,,,4774,15956,naposletku,naposljetku,naposlitku,je→e,,ADV,1,1,0,no-higher-trust-family-anchor|fewer-than-three-compatible-msd-slots|fewer-than-two-changed-surface-pairs
known,,,,4785,15902,obaveštavati,obavještavati,obavištavati,je→e,obaveštavanje↔obavještavanje,ADJ|ADV|VERB,60,60,16,ambiguous-surface-variants
review,,,,4786,15898,cepivo,cjepivo,cipivo,je→e,,NOUN,13,13,1,no-higher-trust-family-anchor|ambiguous-surface-variants
review,,,,4827,15670,promer,promjer,promir,je→e,promena↔promjena,NOUN,13,13,1,ambiguous-surface-variants
review,,,,4832,15651,verovnik,vjerovnik,virovnik,je→e,vera↔vjera,NOUN,13,13,1,ambiguous-surface-variants
review,,,,4842,15623,sedalo,sjedalo,sidalo,je→e,,NOUN,13,13,1,no-higher-trust-family-anchor|ambiguous-surface-variants
review,,,,4851,15570,preterivati,pretjerivati,pretirivati,je→e,pevati↔pjevati,ADJ|ADV|VERB,60,60,16,ambiguous-surface-variants
review,,,,4866,15522,zamerati,zamjerati,zamirati,je→e,zamena↔zamjena,ADJ|ADV|VERB,60,60,16,ambiguous-surface-variants
review,,,,4876,15484,izveštavati,izvještavati,izvištavati,je→e,izveštaj↔izvještaj,ADJ|ADV|VERB,60,60,16,ambiguous-surface-variants
review,,,,4903,15371,odelo,odijelo,odilo,ije→e,telo↔tijelo,NOUN,13,13,1,ambiguous-surface-variants
review,,,,4904,15369,cena,cina,,i→e,,NOUN,0,0,0,i-reflex-review-only|competing-ekavian-sources|conflicts-with-higher-trust-ekavian-map|fewer-than-three-compatible-msd-slots|fewer-than-two-changed-surface-pairs
review,,,,4913,15316,nemac,nijemac,nimac,ije→e,,NOUN,14,14,0,no-higher-trust-family-anchor
review,,,,4915,15311,sprečavati,sprječavati,spričavati,je→e,pevati↔pjevati,ADJ|ADV|VERB,60,60,16,ambiguous-surface-variants
review,,,,4916,15304,suseda,susjeda,susida,je→e,susedni↔susjedni,NOUN,13,13,1,ambiguous-surface-variants
review,,,,4935,15191,vek,vijek,vik,ije→e,uvek↔uvijek,NOUN,13,13,1,ambiguous-surface-variants
known,,,,4939,15174,pretrpeti,pretrpjeti,pretrpiti,je→e,uspeti↔uspjeti,ADJ|ADV|VERB,60,50,16,ambiguous-surface-variants
review,,,,4957,15110,venčati,vjenčati,vinčati,je→e,venčani↔vjenčani,ADJ|ADV|VERB,60,60,16,ambiguous-surface-variants
review,,,,4961,15100,poslepodne,poslijepodne,poslipodne,ije→e,posle↔poslije,ADV|NOUN,14,14,1,ambiguous-surface-variants
review,,,,4963,15082,svedočenje,svjedočenje,svidočenje,je→e,svedok↔svjedok,NOUN,13,13,1,ambiguous-surface-variants
review,,,,4990,14951,zvezdica,zvjezdica,zvizdica,je→e,,NOUN,13,13,1,no-higher-trust-family-anchor|ambiguous-surface-variants
review,,,,4991,14949,premestiti,premjestiti,premistiti,je→e,smestiti↔smjestiti,ADJ|ADV|VERB,60,60,16,ambiguous-surface-variants
review,,,,4995,14943,dopredsednik,dopredsjednik,dopredsidnik,je→e,predsednik↔predsjednik,NOUN,13,13,1,ambiguous-surface-variants
review,,,,5002,14922,denar,dinar,,i→e,,NOUN,0,0,0,i-reflex-review-only|competing-ijekavian-targets|competing-ekavian-sources|fewer-than-three-compatible-msd-slots|fewer-than-two-changed-surface-pairs
review,,,,5042,14782,uleteti,uletiti,,i→e,,ADV|VERB,10,0,0,i-reflex-review-only|competing-ijekavian-targets|competing-ekavian-sources|fewer-than-two-changed-surface-pairs
review,,,,5044,14777,testo,tijesto,tisto,ije→e,,NOUN,13,13,1,no-higher-trust-family-anchor|ambiguous-surface-variants
accepted,,,,5051,14728,sleteti,sletjeti,sletiti,je→e,hteti↔htjeti,ADV|VERB,23,13,0,
review,,,,5053,14692,večno,vječno,vično,je→e,delimično↔djelimično,ADV,2,2,0,fewer-than-three-compatible-msd-slots
review,,,,5067,14608,čep,čip,,i→e,,NOUN,0,0,0,i-reflex-review-only|competing-ijekavian-targets|competing-ekavian-sources|fewer-than-three-compatible-msd-slots|fewer-than-two-changed-surface-pairs
review,,,,5069,14588,serov,sirov,,i→e,,ADJ,0,0,0,i-reflex-review-only|competing-ijekavian-targets|competing-ekavian-sources|fewer-than-three-compatible-msd-slots|fewer-than-two-changed-surface-pairs
review,,,,5093,14474,proslediti,proslijediti,prosliditi,ije→e,slediti↔slijediti,ADJ|ADV|VERB,60,60,16,ambiguous-surface-variants
review,,,,5126,14348,zavera,zavjera,zavira,je→e,vera↔vjera,NOUN,13,13,1,ambiguous-surface-variants
review,,,,5138,14302,susedstvo,susjedstvo,susidstvo,je→e,susedni↔susjedni,NOUN,13,13,1,ambiguous-surface-variants
known,,,,5139,14300,raspodela,raspodjela,raspodila,je→e,preraspodela↔preraspodjela,NOUN,13,13,1,ambiguous-surface-variants
review,,,,5140,14299,zaželeti,zaželjeti,zaželiti,je→e,želeti↔željeti,ADJ|ADV|VERB,60,13,16,ambiguous-surface-variants
known,,,,5153,14245,izbegnuti,izbjegnuti,izbignuti,je→e,izbeći↔izbjeći,ADJ|ADV|VERB,60,60,16,ambiguous-surface-variants
known,,,,5155,14243,čovekov,čovjekov,čovikov,je→e,čovek↔čovjek,ADJ,37,37,16,ambiguous-surface-variants
review,,,,5158,14236,lekarna,ljekarna,likarna,je→e,lekarski↔ljekarski,NOUN,13,13,1,ambiguous-surface-variants
accepted,,,,5171,14175,oživeti,oživjeti,oživiti,je→e,živeti↔živjeti,ADV|VERB,23,13,0,
known,,,,5174,14166,sledbenik,sljedbenik,slidbenik,je→e,,NOUN,13,13,1,no-higher-trust-family-anchor|ambiguous-surface-variants
accepted,,,,5175,14164,poludeti,poludjeti,poluditi,je→e,videti↔vidjeti,ADV|VERB,23,13,0,
review,,,,5193,14079,proživeti,proživjeti,proživiti,je→e,živeti↔živjeti,ADJ|ADV|VERB,60,50,16,ambiguous-surface-variants
review,,,,5202,14042,esenski,jesenski,isenski,je→e,,ADJ,26,26,16,no-higher-trust-family-anchor|ambiguous-surface-variants
review,,,,5205,14022,železnica,željeznica,želiznica,je→e,menica↔mjenica,NOUN,13,13,1,ambiguous-surface-variants
review,,,,5206,14015,predeo,predio,,i→e,,NOUN,13,11,1,i-reflex-review-only|competing-ijekavian-targets|competing-ekavian-sources|ambiguous-surface-variants
review,,,,5211,13983,izmenjivati,izmjenjivati,izminjivati,je→e,razmenjivati↔razmjenjivati,ADJ|ADV|VERB,60,60,16,ambiguous-surface-variants
known,,,,5222,13961,razrešiti,razriješiti,razrišiti,ije→e,rešiti↔riješiti,ADJ|ADV|VERB,60,60,16,ambiguous-surface-variants
review,,,,5269,13812,prevara,prijevara,privara,ije→e,pre↔prije,NOUN,13,13,1,ambiguous-surface-variants
review,,,,5298,13708,cvetan,cvjetan,cvitan,je→e,cvetni↔cvjetni,ADJ,91,91,48,ambiguous-surface-variants
known,,,,5300,13707,umešati,umiješati,umišati,ije→e,mešati↔miješati,ADJ|ADV|VERB,60,60,16,ambiguous-surface-variants
review,,,,5355,13537,sedati,sjedati,sidati,je→e,,ADV|VERB,23,23,0,no-higher-trust-family-anchor
review,,,,5362,13519,pobednički,pobjednički,pobidnički,je→e,naslednički↔nasljednički,ADJ,27,27,16,ambiguous-surface-variants
accepted,,,,5366,13500,zaživeti,zaživjeti,zaživiti,je→e,živeti↔živjeti,ADV|VERB,23,13,0,
review,,,,5376,13469,veza,viza,,i→e,,NOUN,0,0,0,i-reflex-review-only|competing-ijekavian-targets|competing-ekavian-sources|fewer-than-three-compatible-msd-slots|fewer-than-two-changed-surface-pairs
known,,,,5377,13468,nedeljni,nedjeljni,nediljni,je→e,nedelja↔nedjelja,ADJ,27,27,16,ambiguous-surface-variants
review,,,,5389,13421,obesiti,objesiti,obisiti,je→e,obe↔obje,ADJ|ADV|VERB,60,60,16,ambiguous-surface-variants
review,,,,5406,13311,mlečan,mliječan,mličan,ije→e,mleko↔mlijeko,ADJ,91,91,48,ambiguous-surface-variants
review,,,,5427,13226,podupreti,poduprijeti,podupriti,ije→e,uneti↔unijeti,ADJ|ADV|VERB,60,8,16,ambiguous-surface-variants
review,,,,5431,13208,lepotica,ljepotica,lipotica,je→e,,NOUN,13,13,1,no-higher-trust-family-anchor|ambiguous-surface-variants
accepted,,,,5445,13146,vredno,vrijedno,vridno,ije→e,vrednost↔vrijednost,ADV,3,3,0,
review,,,,5464,13085,prenos,prinos,,i→e,,NOUN,0,0,0,i-reflex-review-only|competing-ekavian-sources|fewer-than-three-compatible-msd-slots|fewer-than-two-changed-surface-pairs
review,,,,5471,13060,levica,ljevica,livica,je→e,,NOUN,13,13,1,no-higher-trust-family-anchor|ambiguous-surface-variants
review,,,,5484,13040,umeće,umijeće,umiće,ije→e,veće↔vijeće,NOUN,13,13,1,ambiguous-surface-variants
review,,,,5491,13026,nežno,nježno,nižno,je→e,,ADV,2,2,0,no-higher-trust-family-anchor|fewer-than-three-compatible-msd-slots
review,,,,5499,12994,umeren,umjeren,umiren,je→e,overen↔ovjeren,ADJ,64,64,32,ambiguous-surface-variants
known,,,,5513,12953,zamenjivati,zamjenjivati,zaminjivati,je→e,zamena↔zamjena,ADJ|ADV|VERB,60,60,16,ambiguous-surface-variants
review,,,,5523,12909,premjeren,primjeren,,i→e,,ADJ,0,0,0,i-reflex-review-only|competing-ijekavian-targets|fewer-than-three-compatible-msd-slots|fewer-than-two-changed-surface-pairs
review,,,,5523,12909,primeren,primjeren,primiren,je→e,primereni↔primjereni,ADJ,91,91,48,ambiguous-surface-variants
review,,,,5547,12857,sprečavanje,sprječavanje,spričavanje,je→e,rešavanje↔rješavanje,NOUN,13,13,1,ambiguous-surface-variants
review,,,,5551,12837,izbegavanje,izbjegavanje,izbigavanje,je→e,izbegavati↔izbjegavati,NOUN,13,13,1,ambiguous-surface-variants
review,,,,5575,12758,prekriti,prikriti,,i→e,,ADJ|ADV|VERB,0,0,0,i-reflex-review-only|competing-ijekavian-targets|competing-ekavian-sources|fewer-than-three-compatible-msd-slots|fewer-than-two-changed-surface-pairs
review,,,,5581,12736,gresti,gristi,,i→e,,VERB,0,0,0,i-reflex-review-only|competing-ijekavian-targets|competing-ekavian-sources|fewer-than-three-compatible-msd-slots|fewer-than-two-changed-surface-pairs
review,,,,5603,12679,preložiti,priložiti,,i→e,,ADJ|ADV|VERB,0,0,0,i-reflex-review-only|competing-ijekavian-targets|competing-ekavian-sources|fewer-than-three-compatible-msd-slots|fewer-than-two-changed-surface-pairs
review,,,,5621,12583,prepravak,pripravak,,i→e,,NOUN,0,0,0,i-reflex-review-only|competing-ijekavian-targets|competing-ekavian-sources|fewer-than-three-compatible-msd-slots|fewer-than-two-changed-surface-pairs
review,,,,5625,12567,tešiti,tješiti,tišiti,je→e,,ADJ|ADV|VERB,60,60,16,no-higher-trust-family-anchor|ambiguous-surface-variants
accepted,,,,5628,12554,izgoreti,izgorjeti,izgoriti,je→e,hteti↔htjeti,ADV|VERB,23,13,0,
review,,,,5645,12464,neizbežan,neizbježan,neizbižan,je→e,,ADJ,64,64,32,no-higher-trust-family-anchor|ambiguous-surface-variants
review,,,,5663,12395,bek,bik,,i→e,,NOUN,0,0,0,i-reflex-review-only|competing-ijekavian-targets|competing-ekavian-sources|fewer-than-three-compatible-msd-slots|fewer-than-two-changed-surface-pairs
review,,,,5723,12227,izlečiti,izliječiti,izličiti,ije→e,sprečiti↔spriječiti,ADJ|ADV|VERB,60,60,16,ambiguous-surface-variants
review,,,,5724,12224,prevoznik,prijevoznik,privoznik,ije→e,pre↔prije,NOUN,13,13,1,ambiguous-surface-variants
review,,,,5737,12193,medved,medvjed,medvid,je→e,,NOUN,13,13,1,no-higher-trust-family-anchor|ambiguous-surface-variants
review,,,,5741,12182,štemati,štimati,,i→e,,ADJ|ADV|VERB,0,0,0,i-reflex-review-only|competing-ijekavian-targets|competing-ekavian-sources|fewer-than-three-compatible-msd-slots|fewer-than-two-changed-surface-pairs
review,,,,5786,12038,vređanje,vrijeđanje,vriđanje,ije→e,vreme↔vrijeme,NOUN,13,13,1,ambiguous-surface-variants
review,,,,5789,12037,prelaziti,prilaziti,,i→e,,ADV|VERB,0,0,0,i-reflex-review-only|competing-ijekavian-targets|competing-ekavian-sources|fewer-than-three-compatible-msd-slots|fewer-than-two-changed-surface-pairs
review,,,,5804,11989,osvestiti,osvijestiti,osvistiti,ije→e,izvestiti↔izvijestiti,ADJ|ADV|VERB,60,60,16,ambiguous-surface-variants
review,,,,5814,11957,dragocen,dragocjen,dragocin,je→e,,ADJ,64,64,32,no-higher-trust-family-anchor|ambiguous-surface-variants
review,,,,5838,11888,uspešnost,uspješnost,uspišnost,je→e,uspešno↔uspješno,NOUN,13,13,1,ambiguous-surface-variants
accepted,,,,5840,11881,opusteti,opustjeti,opustiti,je→e,hteti↔htjeti,ADV|VERB,23,13,0,
review,,,,5849,11850,prestići,pristići,,i→e,,ADV|VERB,0,0,0,i-reflex-review-only|competing-ijekavian-targets|competing-ekavian-sources|fewer-than-three-compatible-msd-slots|fewer-than-two-changed-surface-pairs
review,,,,5860,11806,oterati,otjerati,otirati,je→e,,ADJ|ADV|VERB,60,60,16,no-higher-trust-family-anchor|ambiguous-surface-variants
known,,,,5874,11733,ocenjivanje,ocjenjivanje,ocinjivanje,je→e,procenjivanje↔procjenjivanje,NOUN,13,13,1,ambiguous-surface-variants
review,,,,5901,11659,neizvestan,neizvjestan,neizvistan,je→e,,ADJ,37,37,16,no-higher-trust-family-anchor|ambiguous-surface-variants
review,,,,5902,11657,svetlo,svijetlo,svitlo,ije→e,svest↔svijest,ADV,3,3,0,competing-ijekavian-targets
review,,,,5932,11553,osmeh,osmjeh,osmih,je→e,,NOUN,14,14,0,no-higher-trust-family-anchor|competing-ijekavian-targets
review,,,,5938,11533,pregovarati,prigovarati,,i→e,,ADV|VERB,0,0,0,i-reflex-review-only|competing-ijekavian-targets|competing-ekavian-sources|fewer-than-three-compatible-msd-slots|fewer-than-two-changed-surface-pairs
review,,,,5939,11529,premjeriti,primjeriti,,i→e,,ADJ|ADV|VERB,0,0,0,i-reflex-review-only|competing-ijekavian-targets|fewer-than-three-compatible-msd-slots|fewer-than-two-changed-surface-pairs
review,,,,5939,11529,primeriti,primjeriti,primiriti,je→e,primer↔primjer,ADJ|ADV|VERB,60,60,16,ambiguous-surface-variants
review,,,,5949,11483,prekomeran,prekomjeran,prekomiran,je→e,,ADJ,91,91,48,no-higher-trust-family-anchor|ambiguous-surface-variants
review,,,,5963,11436,srednjovekovni,srednjovjekovni,srednjovikovni,je→e,,ADJ,27,27,16,no-higher-trust-family-anchor|ambiguous-surface-variants
review,,,,5972,11390,prepisati,pripisati,,i→e,,ADJ|ADV|VERB,0,0,0,i-reflex-review-only|competing-ijekavian-targets|competing-ekavian-sources|fewer-than-three-compatible-msd-slots|fewer-than-two-changed-surface-pairs
review,,,,5973,11386,pešak,pješak,pišak,je→e,peščara↔pješčara,NOUN,13,13,1,ambiguous-surface-variants
review,,,,5975,11381,pešački,pješački,pišački,je→e,,ADJ,27,27,16,no-higher-trust-family-anchor|ambiguous-surface-variants
accepted,,,,5979,11373,zamenica,zamjenica,zaminica,je→e,menica↔mjenica,NOUN,14,14,0,
review,,,,5984,11363,venski,vinski,,i→e,,ADJ|ADV,0,0,0,i-reflex-review-only|competing-ijekavian-targets|competing-ekavian-sources|fewer-than-three-compatible-msd-slots|fewer-than-two-changed-surface-pairs
review,,,,5986,11359,proterati,protjerati,protirati,je→e,,ADJ|ADV|VERB,60,60,16,no-higher-trust-family-anchor|ambiguous-surface-variants
review,,,,5994,11344,beda,bijeda,bida,ije→e,sreda↔srijeda,NOUN,13,13,1,ambiguous-surface-variants
review,,,,6012,11285,seći,sići,,i→e,,ADV|VERB,0,0,0,i-reflex-review-only|competing-ijekavian-targets|competing-ekavian-sources|fewer-than-three-compatible-msd-slots|fewer-than-two-changed-surface-pairs
review,,,,6019,11238,dosledan,dosljedan,doslidan,je→e,dosledno↔dosljedno,ADJ,64,64,32,ambiguous-surface-variants
review,,,,6021,11237,redosled,redoslijed,redoslid,ije→e,,NOUN,13,13,1,no-higher-trust-family-anchor|conflicts-with-higher-trust-ekavian-map|ambiguous-surface-variants
review,,,,6038,11186,cepljenje,cijepljenje,cipljenje,ije→e,,NOUN,13,13,1,no-higher-trust-family-anchor|ambiguous-surface-variants
accepted,,,,6061,11130,vešto,vješto,višto,je→e,veštačenje↔vještačenje,ADV,3,3,0,
review,,,,6071,11107,osvežiti,osvježiti,osvižiti,je→e,,ADJ|ADV|VERB,60,60,16,no-higher-trust-family-anchor|ambiguous-surface-variants
review,,,,6072,11105,prelep,prelijep,prelip,ije→e,lep↔lijep,ADJ,54,54,85,ambiguous-surface-variants
review,,,,6076,11091,oves,ovjes,ovis,je→e,overa↔ovjera,NOUN,13,13,1,ambiguous-surface-variants
review,,,,6096,11049,obaveštajan,obavještajan,obavištajan,je→e,obaveštavanje↔obavještavanje,ADJ,91,91,48,ambiguous-surface-variants
accepted,,,,6119,10972,odoleti,odoljeti,odoliti,je→e,voleti↔voljeti,ADV|VERB,23,13,0,
review,,,,6149,10897,izbeglica,izbjeglica,izbiglica,je→e,izbeći↔izbjeći,NOUN,27,27,1,ambiguous-surface-variants
review,,,,6152,10894,sleme,sljeme,slime,je→e,sledbenik↔sljedbenik,NOUN,13,13,1,ambiguous-surface-variants
review,,,,6157,10884,letovanje,ljetovanje,litovanje,je→e,delovanje↔djelovanje,NOUN,13,13,1,ambiguous-surface-variants
review,,,,6170,10846,odenuti,odjenuti,odinuti,je→e,odeća↔odjeća,ADJ|ADV|VERB,60,60,16,ambiguous-surface-variants
review,,,,6176,10833,predavati,pridavati,,i→e,,ADJ|ADV|VERB,0,0,0,i-reflex-review-only|competing-ijekavian-targets|competing-ekavian-sources|fewer-than-three-compatible-msd-slots|fewer-than-two-changed-surface-pairs
review,,,,6186,10801,zamerka,zamjerka,zamirka,je→e,zamena↔zamjena,NOUN,13,13,1,ambiguous-surface-variants
known,,,,6194,10790,maloletnik,maloljetnik,malolitnik,je→e,maloletni↔maloljetni,NOUN,13,13,1,ambiguous-surface-variants
review,,,,6208,10728,zapevati,zapjevati,zapivati,je→e,pevati↔pjevati,ADJ|ADV|VERB,60,60,16,ambiguous-surface-variants
review,,,,6242,10651,mešovit,mješovit,mišovit,je→e,,ADJ,91,91,48,no-higher-trust-family-anchor|ambiguous-surface-variants
accepted,,,,6245,10645,umetnica,umjetnica,umitnica,je→e,umetnički↔umjetnički,NOUN,14,14,0,
known,,,,6246,10643,menjanje,mijenjanje,minjanje,ije→e,menjati↔mijenjati,NOUN,13,13,1,ambiguous-surface-variants
review,,,,6270,10579,tek,tik,,i→e,,ADV|NOUN,0,0,0,i-reflex-review-only|competing-ekavian-sources|fewer-than-three-compatible-msd-slots|fewer-than-two-changed-surface-pairs
review,,,,6278,10561,prevremen,prijevremen,privremen,ije→e,pre↔prije,ADJ,64,64,32,ambiguous-surface-variants
review,,,,6283,10546,zacelo,zacijelo,zacilo,ije→e,telo↔tijelo,ADV,1,1,0,fewer-than-three-compatible-msd-slots|fewer-than-two-changed-surface-pairs
review,,,,6290,10528,sejati,sijati,,i→e,,ADJ|ADV|VERB,60,0,16,i-reflex-review-only|competing-ijekavian-targets|competing-ekavian-sources|fewer-than-two-changed-surface-pairs|ambiguous-surface-variants
review,,,,6292,10524,pevački,pjevački,pivački,je→e,pevati↔pjevati,ADJ,27,27,16,ambiguous-surface-variants
review,,,,6354,10394,premarno,primarno,,i→e,,ADV,0,0,0,i-reflex-review-only|competing-ijekavian-targets|competing-ekavian-sources|fewer-than-three-compatible-msd-slots|fewer-than-two-changed-surface-pairs
accepted,,,,6360,10384,šuteti,šutjeti,šutiti,je→e,hteti↔htjeti,ADV|VERB,23,6,0,
review,,,,6361,10383,zapovedništvo,zapovjedništvo,zapovidništvo,je→e,,NOUN,13,13,1,no-higher-trust-family-anchor|ambiguous-surface-variants
review,,,,6381,10336,delotvoran,djelotvoran,dilotvoran,je→e,delo↔djelo,ADJ,91,91,48,ambiguous-surface-variants
review,,,,6387,10324,osetljivost,osjetljivost,ositljivost,je→e,poverljivost↔povjerljivost,NOUN,13,13,1,ambiguous-surface-variants
review,,,,6394,10294,letelica,letjelica,letilica,je→e,,NOUN,14,14,0,no-higher-trust-family-anchor
accepted,,,,6419,10237,potpredsednica,potpredsjednica,potpredsidnica,je→e,predsednica↔predsjednica,NOUN,14,14,0,
review,,,,6425,10223,napeti,napiti,,i→e,,ADJ|ADV|VERB,0,0,0,i-reflex-review-only|competing-ijekavian-targets|competing-ekavian-sources|fewer-than-three-compatible-msd-slots|fewer-than-two-changed-surface-pairs
review,,,,6432,10216,poštedeti,poštedjeti,poštediti,je→e,videti↔vidjeti,ADJ|ADV|VERB,60,13,16,ambiguous-surface-variants
accepted,,,,6436,10201,poleteti,poletjeti,poletiti,je→e,hteti↔htjeti,ADV|VERB,23,13,0,
review,,,,6437,10200,lem,lim,,i→e,,NOUN,0,0,0,i-reflex-review-only|competing-ijekavian-targets|competing-ekavian-sources|fewer-than-three-compatible-msd-slots|fewer-than-two-changed-surface-pairs
review,,,,6451,10172,svedočanstvo,svjedočanstvo,svidočanstvo,je→e,svedok↔svjedok,NOUN,13,13,1,ambiguous-surface-variants
review,,,,6455,10166,hena,hina,,i→e,,NOUN,0,0,0,i-reflex-review-only|competing-ijekavian-targets|competing-ekavian-sources|fewer-than-three-compatible-msd-slots|fewer-than-two-changed-surface-pairs
review,,,,6461,10149,pena,pjena,pina,je→e,izmena↔izmjena,NOUN,13,13,1,ambiguous-surface-variants
review,,,,6468,10121,naprimer,naprimjer,naprimir,je→e,primer↔primjer,ADV,1,1,0,fewer-than-three-compatible-msd-slots|fewer-than-two-changed-surface-pairs
known,,,,6471,10114,prosveta,prosvjeta,prosvita,je→e,prosvetni↔prosvjetni,NOUN,13,13,1,ambiguous-surface-variants
review,,,,6487,10077,mesni,misni,,i→e,,ADJ,0,0,0,i-reflex-review-only|competing-ekavian-sources|conflicts-with-higher-trust-ekavian-map|fewer-than-three-compatible-msd-slots|fewer-than-two-changed-surface-pairs
review,,,,6508,10028,zavoleti,zavoljeti,zavoliti,je→e,voleti↔voljeti,ADJ|ADV|VERB,60,13,16,ambiguous-surface-variants
review,,,,6538,9951,lepiti,lijepiti,lipiti,ije→e,lep↔lijep,ADJ|ADV|VERB,60,60,16,ambiguous-surface-variants
review,,,,6544,9934,večnost,vječnost,vičnost,je→e,protivrečnost↔protivrječnost,NOUN,13,13,1,ambiguous-surface-variants
accepted,,,,6550,9911,zaboleti,zaboljeti,zaboliti,je→e,voleti↔voljeti,ADV|VERB,23,13,0,
review,,,,6562,9879,videlo,vidjelo,vidilo,je→e,delo↔djelo,NOUN,13,13,1,ambiguous-surface-variants
review,,,,6565,9871,breg,brijeg,brig,ije→e,,NOUN,7,7,7,no-higher-trust-family-anchor|ambiguous-surface-variants
review,,,,6650,9676,snežan,snježan,snižan,je→e,,ADJ,91,91,48,no-higher-trust-family-anchor|ambiguous-surface-variants
review,,,,6657,9656,deljenje,dijeljenje,diljenje,ije→e,,NOUN,13,13,1,no-higher-trust-family-anchor|ambiguous-surface-variants
review,,,,6658,9650,besan,bijesan,bisan,ije→e,,ADJ,91,91,48,no-higher-trust-family-anchor|ambiguous-surface-variants
review,,,,6659,9650,lekovit,ljekovit,likovit,je→e,,ADJ,91,91,48,no-higher-trust-family-anchor|ambiguous-surface-variants
review,,,,6661,9643,zametiti,zamijetiti,zamititi,ije→e,primetiti↔primijetiti,ADJ|ADV|VERB,60,60,16,ambiguous-surface-variants
review,,,,6665,9632,peta,pita,,i→e,,NOUN,0,0,0,i-reflex-review-only|competing-ijekavian-targets|competing-ekavian-sources|fewer-than-three-compatible-msd-slots|fewer-than-two-changed-surface-pairs
review,,,,6666,9629,zasedanje,zasjedanje,zasidanje,je→e,,NOUN,13,13,1,no-higher-trust-family-anchor|ambiguous-surface-variants
review,,,,6675,9597,vernost,vjernost,virnost,je→e,vera↔vjera,NOUN,13,13,1,ambiguous-surface-variants
review,,,,6676,9595,cenjen,cijenjen,cinjen,ije→e,cena↔cijena,ADJ,64,64,32,ambiguous-surface-variants
review,,,,6677,9595,setno,sitno,,i→e,,ADV,0,0,0,i-reflex-review-only|competing-ijekavian-targets|competing-ekavian-sources|fewer-than-three-compatible-msd-slots|fewer-than-two-changed-surface-pairs
review,,,,6680,9587,testenina,tjestenina,tistenina,je→e,,NOUN,13,13,1,no-higher-trust-family-anchor|ambiguous-surface-variants
review,,,,6682,9578,propovedati,propovijedati,propovidati,ije→e,,ADJ|ADV|VERB,60,60,16,no-higher-trust-family-anchor|ambiguous-surface-variants
known,,,,6692,9557,nesvesno,nesvjesno,nesvisno,je→e,svesno↔svjesno,ADV,2,2,1,fewer-than-three-compatible-msd-slots|ambiguous-surface-variants
review,,,,6704,9533,svetonazor,svjetonazor,svitonazor,je→e,,NOUN,13,13,1,no-higher-trust-family-anchor|ambiguous-surface-variants
review,,,,6710,9511,izleteti,izletiti,,i→e,,ADV|VERB,10,0,0,i-reflex-review-only|competing-ijekavian-targets|competing-ekavian-sources|fewer-than-two-changed-surface-pairs
review,,,,6712,9507,teskoba,tjeskoba,tiskoba,je→e,,NOUN,13,13,1,no-higher-trust-family-anchor|ambiguous-surface-variants
known,,,,6752,9422,razmenjivati,razmjenjivati,razminjivati,je→e,razmena↔razmjena,ADJ|ADV|VERB,60,60,16,ambiguous-surface-variants
known,,,,6782,9372,odmeriti,odmjeriti,odmiriti,je→e,overiti↔ovjeriti,ADJ|ADV|VERB,60,60,16,ambiguous-surface-variants
known,,,,6813,9309,veštak,vještak,vištak,je→e,veštačenje↔vještačenje,NOUN,13,13,1,ambiguous-surface-variants
review,,,,6850,9212,svežina,svježina,svižina,je→e,,NOUN,13,13,1,no-higher-trust-family-anchor|ambiguous-surface-variants
accepted,,,,6863,9190,osetno,osjetno,ositno,je→e,osetiti↔osjetiti,ADV,3,3,0,
review,,,,6870,9179,isterati,istjerati,istirati,je→e,,ADJ|ADV|VERB,60,60,16,no-higher-trust-family-anchor|ambiguous-surface-variants
review,,,,6876,9166,prenosnik,prijenosnik,prinosnik,ije→e,pre↔prije,NOUN,13,13,1,ambiguous-surface-variants
review,,,,6889,9115,cesta,cista,,i→e,,NOUN,0,0,0,i-reflex-review-only|competing-ijekavian-targets|competing-ekavian-sources|fewer-than-three-compatible-msd-slots|fewer-than-two-changed-surface-pairs
review,,,,6906,9076,zapoved,zapovijed,zapovid,ije→e,,NOUN,13,13,1,no-higher-trust-family-anchor|ambiguous-surface-variants
review,,,,6913,9059,izvoleti,izvoljeti,izvoliti,je→e,voleti↔voljeti,ADJ|ADV|VERB,60,13,16,ambiguous-surface-variants
known,,,,6920,9032,mešanje,miješanje,mišanje,ije→e,mešati↔miješati,NOUN,13,13,1,ambiguous-surface-variants
review,,,,6932,9019,ulepšati,uljepšati,ulipšati,je→e,,ADJ|ADV|VERB,60,60,16,no-higher-trust-family-anchor|ambiguous-surface-variants
review,,,,6955,8975,inekcija,injekcija,inikcija,je→e,,NOUN,13,13,1,no-higher-trust-family-anchor|ambiguous-surface-variants
review,,,,6959,8969,zalepiti,zalijepiti,zalipiti,ije→e,potkrepiti↔potkrijepiti,ADJ|ADV|VERB,60,60,16,ambiguous-surface-variants
accepted,,,,6964,8963,pobednica,pobjednica,pobidnica,je→e,sednica↔sjednica,NOUN,14,14,0,
known,,,,6975,8936,nevreme,nevrijeme,nevrime,ije→e,vreme↔vrijeme,NOUN,13,3,1,ambiguous-surface-variants
review,,,,7015,8851,ismejavati,ismijavati,,i→e,,ADJ|ADV|VERB,0,0,0,i-reflex-review-only|competing-ijekavian-targets|competing-ekavian-sources|fewer-than-three-compatible-msd-slots|fewer-than-two-changed-surface-pairs
review,,,,7060,8773,neprimeren,neprimjeren,neprimiren,je→e,neprimenjivi↔neprimjenjivi,ADJ,64,64,32,ambiguous-surface-variants
review,,,,7061,8773,opsesti,opsjesti,opsisti,je→e,zaposesti↔zaposjesti,ADJ|ADV|VERB,60,60,16,ambiguous-surface-variants
review,,,,7097,8693,osvetljenje,osvjetljenje,osvitljenje,je→e,odeljenje↔odjeljenje,NOUN,13,13,1,ambiguous-surface-variants
accepted,,,,7099,8690,neverica,nevjerica,nevirica,je→e,neverovatni↔nevjerovatni,NOUN,14,14,0,
review,,,,7112,8671,ždreb,ždrijeb,ždrib,ije→e,,NOUN,12,12,2,no-higher-trust-family-anchor|ambiguous-surface-variants
accepted,,,,7135,8624,odupreti,oduprijeti,odupriti,ije→e,uneti↔unijeti,ADV|VERB,23,8,0,
review,,,,7260,8379,prestolnica,prijestolnica,pristolnica,ije→e,pre↔prije,NOUN,13,13,1,ambiguous-surface-variants
review,,,,7273,8354,smeštati,smještati,smištati,je→e,smeštaj↔smještaj,ADJ|ADV|VERB,60,60,16,ambiguous-surface-variants
review,,,,7295,8322,procureti,procuriti,,i→e,,ADV|VERB,10,0,0,i-reflex-review-only|competing-ijekavian-targets|competing-ekavian-sources|fewer-than-two-changed-surface-pairs
review,,,,7303,8313,preselenje,preseljenje,preselinje,je→e,presek↔presjek,NOUN,13,13,1,ambiguous-surface-variants
review,,,,7322,8270,vešt,vješt,višt,je→e,veštačenje↔vještačenje,ADJ,91,91,48,ambiguous-surface-variants
review,,,,7328,8248,poterati,potjerati,potirati,je→e,,ADJ|ADV|VERB,60,60,16,no-higher-trust-family-anchor|ambiguous-surface-variants
review,,,,7339,8234,verodostojan,vjerodostojan,virodostojan,je→e,verodostojni↔vjerodostojni,ADJ,64,64,32,ambiguous-surface-variants
known,,,,7343,8230,podlegati,podlijegati,podligati,ije→e,,ADV|VERB,23,23,0,no-higher-trust-family-anchor
review,,,,7370,8206,semenka,sjemenka,simenka,je→e,,NOUN,11,11,3,no-higher-trust-family-anchor|ambiguous-surface-variants
known,,,,7375,8201,sedenje,sjedenje,sidenje,je→e,,NOUN,13,13,1,no-higher-trust-family-anchor|ambiguous-surface-variants
review,,,,7378,8189,komplement,kompliment,,i→e,,NOUN,0,0,0,i-reflex-review-only|competing-ijekavian-targets|competing-ekavian-sources|fewer-than-three-compatible-msd-slots|fewer-than-two-changed-surface-pairs
accepted,,,,7385,8177,razmerno,razmjerno,razmirno,je→e,srazmerno↔srazmjerno,ADV,3,3,0,
review,,,,7388,8173,posvedočiti,posvjedočiti,posvidočiti,je→e,posed↔posjed,ADJ|ADV|VERB,60,60,16,ambiguous-surface-variants
review,,,,7391,8172,prestanak,pristanak,,i→e,,NOUN,0,0,0,i-reflex-review-only|competing-ijekavian-targets|competing-ekavian-sources|fewer-than-three-compatible-msd-slots|fewer-than-two-changed-surface-pairs
review,,,,7398,8160,mehur,mjehur,mihur,je→e,,NOUN,13,13,1,no-higher-trust-family-anchor|ambiguous-surface-variants
review,,,,7403,8154,dernuti,dirnuti,,i→e,,ADJ|ADV|VERB,0,0,0,i-reflex-review-only|competing-ijekavian-targets|competing-ekavian-sources|fewer-than-three-compatible-msd-slots|fewer-than-two-changed-surface-pairs
review,,,,7420,8127,dečica,dječica,dičica,je→e,,NOUN,7,7,0,no-higher-trust-family-anchor
review,,,,7450,8081,neizvesnost,neizvjesnost,neizvisnost,je→e,savesnost↔savjesnost,NOUN,13,13,1,ambiguous-surface-variants
review,,,,7464,8052,propoved,propovijed,propovid,ije→e,,NOUN,13,13,1,no-higher-trust-family-anchor|ambiguous-surface-variants
review,,,,7482,8022,merodavan,mjerodavan,mirodavan,je→e,merodavni↔mjerodavni,ADJ,64,64,32,ambiguous-surface-variants
review,,,,7498,7999,nasmešiti,nasmiješiti,nasmišiti,ije→e,rešiti↔riješiti,ADJ|ADV|VERB,60,60,16,ambiguous-surface-variants
review,,,,7500,7995,osvetliti,osvijetliti,osvitliti,ije→e,,ADJ|ADV|VERB,60,60,16,no-higher-trust-family-anchor|ambiguous-surface-variants
review,,,,7512,7980,verodostojnost,vjerodostojnost,virodostojnost,je→e,verodostojni↔vjerodostojni,NOUN,13,13,1,ambiguous-surface-variants
known,,,,7516,7971,potkrepiti,potkrijepiti,potkripiti,ije→e,,ADJ|ADV|VERB,60,60,16,no-higher-trust-family-anchor|ambiguous-surface-variants
review,,,,7531,7937,cenik,cjenik,cinik,je→e,zamenik↔zamjenik,NOUN,13,13,1,ambiguous-surface-variants
review,,,,7540,7925,svetlosni,svjetlosni,svitlosni,je→e,mesni↔mjesni,ADJ,27,27,16,ambiguous-surface-variants
accepted,,,,7548,7918,umeti,umjeti,umiti,je→e,razumeti↔razumjeti,ADV|VERB,23,18,0,
review,,,,7560,7897,dotecati,doticati,,i→e,,ADV|VERB,0,0,0,i-reflex-review-only|competing-ijekavian-targets|competing-ekavian-sources|fewer-than-three-compatible-msd-slots|fewer-than-two-changed-surface-pairs
review,,,,7579,7862,maloletan,maloljetan,malolitan,je→e,maloletni↔maloljetni,ADJ,64,64,32,ambiguous-surface-variants
review,,,,7596,7838,zdelica,zdjelica,zdilica,je→e,,NOUN,13,13,1,no-higher-trust-family-anchor|ambiguous-surface-variants
review,,,,7603,7833,posedovanje,posjedovanje,posidovanje,je→e,posed↔posjed,NOUN,13,13,1,ambiguous-surface-variants
review,,,,7628,7792,blesak,bljesak,blisak,je→e,,NOUN,6,6,8,no-higher-trust-family-anchor|ambiguous-surface-variants
review,,,,7631,7784,rutenski,rutinski,,i→e,,ADJ|ADV,0,0,0,i-reflex-review-only|competing-ijekavian-targets|competing-ekavian-sources|fewer-than-three-compatible-msd-slots|fewer-than-two-changed-surface-pairs
review,,,,7639,7769,pešice,pješice,pišice,je→e,,ADV,1,1,0,no-higher-trust-family-anchor|fewer-than-three-compatible-msd-slots|fewer-than-two-changed-surface-pairs
accepted,,,,7659,7736,zasesti,zasjesti,zasisti,je→e,zaposesti↔zaposjesti,ADV|VERB,23,23,0,
review,,,,7668,7724,zavesa,zavjesa,zavisa,je→e,,NOUN,13,13,1,no-higher-trust-family-anchor|ambiguous-surface-variants
known,,,,7674,7716,nasleđe,nasljeđe,nasliđe,je→e,nasleđivanje↔nasljeđivanje,NOUN,13,13,1,competing-ijekavian-targets|ambiguous-surface-variants
review,,,,7686,7701,serijski,sirijski,,i→e,,ADJ|ADV,0,0,0,i-reflex-review-only|competing-ijekavian-targets|competing-ekavian-sources|fewer-than-three-compatible-msd-slots|fewer-than-two-changed-surface-pairs
review,,,,7687,7701,veriti,viriti,,i→e,,ADV|VERB,0,0,0,i-reflex-review-only|competing-ijekavian-targets|competing-ekavian-sources|fewer-than-three-compatible-msd-slots|fewer-than-two-changed-surface-pairs
review,,,,7695,7685,preko,prijeko,priko,ije→e,pre↔prije,ADV,3,3,0,manually-blocked-semantic-lookalike
review,,,,7704,7667,razmeniti,razmijeniti,razminiti,ije→e,izmeniti↔izmijeniti,ADJ|ADV|VERB,60,60,16,ambiguous-surface-variants
review,,,,7707,7663,veštica,vještica,vištica,je→e,veština↔vještina,NOUN,13,13,1,ambiguous-surface-variants
review,,,,7717,7647,pleniti,plijeniti,pliniti,ije→e,ceniti↔cijeniti,ADJ|ADV|VERB,60,60,16,ambiguous-surface-variants
review,,,,7741,7616,levičar,ljevičar,livičar,je→e,,NOUN,11,11,3,no-higher-trust-family-anchor|ambiguous-surface-variants
review,,,,7752,7602,uteloviti,utjeloviti,utiloviti,je→e,celoviti↔cjeloviti,ADJ|ADV|VERB,60,60,16,ambiguous-surface-variants
review,,,,7758,7597,neuspešan,neuspješan,neuspišan,je→e,,ADJ,91,91,48,no-higher-trust-family-anchor|ambiguous-surface-variants
review,,,,7760,7596,retkost,rijetkost,ritkost,ije→e,,NOUN,13,13,1,no-higher-trust-family-anchor|ambiguous-surface-variants
review,,,,7774,7576,poslepodnevni,poslijepodnevni,poslipodnevni,ije→e,posle↔poslije,ADJ,27,27,16,ambiguous-surface-variants
accepted,,,,7810,7531,odleteti,odletjeti,odletiti,je→e,hteti↔htjeti,ADV|VERB,23,13,0,
review,,,,7813,7529,zapleniti,zaplijeniti,zapliniti,ije→e,ceniti↔cijeniti,ADJ|ADV|VERB,60,60,16,ambiguous-surface-variants
review,,,,7816,7525,plen,plijen,plin,ije→e,,NOUN,13,13,1,no-higher-trust-family-anchor|ambiguous-surface-variants
accepted,,,,7830,7497,poskupeti,poskupjeti,poskupiti,je→e,uspeti↔uspjeti,ADV|VERB,23,13,0,
review,,,,7833,7494,rivera,rivijera,rivira,ije→e,,NOUN,13,13,1,no-higher-trust-family-anchor|ambiguous-surface-variants
review,,,,7842,7483,posredi,posrijedi,posridi,ije→e,posle↔poslije,ADV,1,1,0,fewer-than-three-compatible-msd-slots|fewer-than-two-changed-surface-pairs
review,,,,7861,7461,delić,djelić,dilić,je→e,delimično↔djelimično,NOUN,13,13,1,ambiguous-surface-variants
review,,,,7869,7450,savetodavan,savjetodavan,savitodavan,je→e,savet↔savjet,ADJ,37,37,16,ambiguous-surface-variants
review,,,,7874,7446,ulevati,ulijevati,ulivati,ije→e,podrazumevati↔podrazumijevati,ADJ|ADV|VERB,60,60,16,ambiguous-surface-variants
review,,,,7925,7368,telovežba,tjelovježba,tilovižba,je→e+je→e,,NOUN,0,0,14,no-higher-trust-family-anchor|fewer-than-three-compatible-msd-slots|fewer-than-two-changed-surface-pairs|ambiguous-surface-variants
review,,,,7951,7325,severozapadni,sjeverozapadni,siverozapadni,je→e,,ADJ,27,27,16,no-higher-trust-family-anchor|ambiguous-surface-variants
accepted,,,,7957,7320,svetliti,svijetliti,svitliti,ije→e,svest↔svijest,ADV|VERB,23,23,0,
review,,,,7974,7293,verno,vjerno,virno,je→e,namerno↔namjerno,ADV,1,1,0,fewer-than-three-compatible-msd-slots|fewer-than-two-changed-surface-pairs
review,,,,7976,7291,proderati,prodirati,,i→e,,ADV|VERB,0,0,0,i-reflex-review-only|competing-ijekavian-targets|competing-ekavian-sources|fewer-than-three-compatible-msd-slots|fewer-than-two-changed-surface-pairs
review,,,,7977,7289,železan,željezan,želizan,je→e,želeti↔željeti,ADJ,64,64,32,ambiguous-surface-variants
review,,,,7979,7287,smešak,smiješak,smišak,ije→e,smeh↔smijeh,NOUN,13,13,1,ambiguous-surface-variants
review,,,,8003,7248,presilan,prisilan,,i→e,,ADJ,0,0,0,i-reflex-review-only|competing-ijekavian-targets|competing-ekavian-sources|fewer-than-three-compatible-msd-slots|fewer-than-two-changed-surface-pairs
review,,,,8043,7209,svetiljka,svjetiljka,svitiljka,je→e,,NOUN,11,11,3,no-higher-trust-family-anchor|ambiguous-surface-variants
review,,,,8068,7177,lepilo,ljepilo,lipilo,je→e,,NOUN,13,13,1,no-higher-trust-family-anchor|ambiguous-surface-variants
known,,,,8069,7176,presek,presjek,presik,je→e,presedatelj↔presjedatelj,NOUN,13,13,1,ambiguous-surface-variants
review,,,,8073,7174,nasleđe,naslijeđe,nasliđe,ije→e,,NOUN,13,13,1,no-higher-trust-family-anchor|competing-ijekavian-targets|conflicts-with-higher-trust-ekavian-map|ambiguous-surface-variants
review,,,,8079,7168,odevni,odjevni,odivni,je→e,zahtevni↔zahtjevni,ADJ,27,27,16,ambiguous-surface-variants
review,,,,8097,7148,prelaz,prilaz,,i→e,,NOUN,0,0,0,i-reflex-review-only|competing-ekavian-sources|fewer-than-three-compatible-msd-slots|fewer-than-two-changed-surface-pairs
review,,,,8107,7137,nežnost,nježnost,nižnost,je→e,,NOUN,13,13,1,no-higher-trust-family-anchor|ambiguous-surface-variants
review,,,,8114,7129,smešno,smiješno,smišno,ije→e,smeh↔smijeh,ADV,1,1,0,fewer-than-three-compatible-msd-slots|fewer-than-two-changed-surface-pairs
review,,,,8127,7109,deva,diva,,i→e,,NOUN,0,0,0,i-reflex-review-only|competing-ijekavian-targets|competing-ekavian-sources|fewer-than-three-compatible-msd-slots|fewer-than-two-changed-surface-pairs
review,,,,8142,7092,podsetnik,podsjetnik,podsitnik,je→e,savetnik↔savjetnik,NOUN,13,13,1,ambiguous-surface-variants
review,,,,8148,7089,senjski,sinjski,,i→e,,ADJ|ADV,0,0,0,i-reflex-review-only|competing-ijekavian-targets|competing-ekavian-sources|fewer-than-three-compatible-msd-slots|fewer-than-two-changed-surface-pairs
review,,,,8149,7085,emigrant,imigrant,,i→e,,NOUN,0,0,0,i-reflex-review-only|competing-ijekavian-targets|competing-ekavian-sources|fewer-than-three-compatible-msd-slots|fewer-than-two-changed-surface-pairs
review,,,,8155,7077,sletanje,slijetanje,slitanje,ije→e,,NOUN,13,13,1,no-higher-trust-family-anchor|ambiguous-surface-variants
review,,,,8164,7063,preteće,preteći,,i→e,,ADV,0,0,0,i-reflex-review-only|competing-ijekavian-targets|competing-ekavian-sources|fewer-than-three-compatible-msd-slots|fewer-than-two-changed-surface-pairs
review,,,,8172,7056,nameštanje,namještanje,namištanje,je→e,nameštaj↔namještaj,NOUN,13,13,1,ambiguous-surface-variants
accepted,,,,8195,7025,neizmerno,neizmjerno,neizmirno,je→e,namerno↔namjerno,ADV,3,3,0,
review,,,,8209,7008,nameran,namjeran,namiran,je→e,namera↔namjera,ADJ,64,64,32,ambiguous-surface-variants
review,,,,8220,6994,severno,sjeverno,siverno,je→e,,ADV,1,1,0,no-higher-trust-family-anchor|fewer-than-three-compatible-msd-slots|fewer-than-two-changed-surface-pairs
review,,,,8254,6954,nerešen,neriješen,nerišen,ije→e,,ADJ,91,91,48,no-higher-trust-family-anchor|ambiguous-surface-variants
review,,,,8258,6951,prvenac,prvijenac,prvinac,ije→e,,NOUN,14,14,0,no-higher-trust-family-anchor
review,,,,8282,6917,obolenje,oboljenje,obolinje,je→e,,NOUN,13,13,1,no-higher-trust-family-anchor|ambiguous-surface-variants
review,,,,8288,6907,zdela,zdjela,zdila,je→e,dodela↔dodjela,NOUN,13,13,1,ambiguous-surface-variants
review,,,,8295,6898,izmešati,izmiješati,izmišati,ije→e,mešati↔miješati,ADJ|ADV|VERB,60,60,16,ambiguous-surface-variants
review,,,,8315,6883,belančevina,bjelančevina,bilančevina,je→e,,NOUN,13,13,1,no-higher-trust-family-anchor|ambiguous-surface-variants
accepted,,,,8345,6847,savetnica,savjetnica,savitnica,je→e,savet↔savjet,NOUN,14,14,0,
review,,,,8362,6822,licemerje,licemjerje,licemirje,je→e,,NOUN,13,13,1,no-higher-trust-family-anchor|ambiguous-surface-variants
review,,,,8370,6818,iznedriti,iznjedriti,iznidriti,je→e,,ADJ|ADV|VERB,60,60,16,no-higher-trust-family-anchor|ambiguous-surface-variants
accepted,,,,8387,6794,dopreti,doprijeti,dopriti,ije→e,uneti↔unijeti,ADV|VERB,29,14,0,
accepted,,,,8403,6774,smešiti,smiješiti,smišiti,ije→e,rešiti↔riješiti,ADV|VERB,23,23,0,
known,,,,8405,6769,delokrug,djelokrug,dilokrug,je→e,delo↔djelo,NOUN,14,14,0,
review,,,,8407,6764,merenje,mirenje,,i→e,,NOUN,0,0,0,i-reflex-review-only|competing-ekavian-sources|fewer-than-three-compatible-msd-slots|fewer-than-two-changed-surface-pairs
review,,,,8419,6751,premorski,primorski,,i→e,,ADJ|ADV,0,0,0,i-reflex-review-only|competing-ijekavian-targets|competing-ekavian-sources|fewer-than-three-compatible-msd-slots|fewer-than-two-changed-surface-pairs
review,,,,8443,6721,nepoverenje,nepovjerenje,nepovirenje,je→e,poverenje↔povjerenje,NOUN,13,13,1,ambiguous-surface-variants
review,,,,8451,6710,nesvestan,nesvjestan,nesvistan,je→e,nesvesno↔nesvjesno,ADJ,64,64,75,ambiguous-surface-variants
review,,,,8455,6707,nameriti,namiriti,,i→e,,ADV|VERB,0,0,0,i-reflex-review-only|competing-ijekavian-targets|competing-ekavian-sources|fewer-than-three-compatible-msd-slots|fewer-than-two-changed-surface-pairs
known,,,,8456,6707,overiti,ovjeriti,oviriti,je→e,poveriti↔povjeriti,ADJ|ADV|VERB,60,60,16,ambiguous-surface-variants
review,,,,8460,6703,predelo,predjelo,predilo,je→e,delo↔djelo,NOUN,13,13,1,ambiguous-surface-variants
review,,,,8463,6699,merni,mjerni,mirni,je→e,namerni↔namjerni,ADJ,27,27,16,ambiguous-surface-variants
review,,,,8465,6694,isečak,isječak,isičak,je→e,,NOUN,13,13,1,no-higher-trust-family-anchor|ambiguous-surface-variants
review,,,,8474,6683,bled,blijed,blid,ije→e,,ADJ,91,91,48,no-higher-trust-family-anchor|ambiguous-surface-variants
review,,,,8488,6660,poslediplomski,poslijediplomski,poslidiplomski,ije→e,posle↔poslije,ADJ|ADV,28,28,16,ambiguous-surface-variants
review,,,,8493,6657,licemeran,licemjeran,licemiran,je→e,,ADJ,91,91,48,no-higher-trust-family-anchor|ambiguous-surface-variants
accepted,,,,8496,6653,slevati,slijevati,slivati,ije→e,podrazumevati↔podrazumijevati,ADV|VERB,23,23,0,
accepted,,,,8498,6648,dosetiti,dosjetiti,dosititi,je→e,osetiti↔osjetiti,ADV|VERB,23,23,0,
accepted,,,,8502,6643,cvetati,cvjetati,cvitati,je→e,cvetni↔cvjetni,ADV|VERB,23,23,0,
review,,,,8507,6639,izneveriti,iznevjeriti,izneviriti,je→e,overiti↔ovjeriti,ADJ|ADV|VERB,60,60,16,ambiguous-surface-variants
review,,,,8510,6635,nevernik,nevjernik,nevirnik,je→e,neverovatni↔nevjerovatni,NOUN,13,13,1,ambiguous-surface-variants
review,,,,8523,6623,razboleti,razboljeti,razboliti,je→e,voleti↔voljeti,ADJ|ADV|VERB,60,50,16,ambiguous-surface-variants
review,,,,8524,6622,nalepnica,naljepnica,nalipnica,je→e,menica↔mjenica,NOUN,13,13,1,ambiguous-surface-variants
review,,,,8529,6617,breg,brig,,i→e,,NOUN,0,0,0,i-reflex-review-only|competing-ekavian-sources|fewer-than-three-compatible-msd-slots|fewer-than-two-changed-surface-pairs
review,,,,8549,6592,umetnina,umjetnina,umitnina,je→e,umetnički↔umjetnički,NOUN,13,13,1,ambiguous-surface-variants
review,,,,8553,6588,zver,zvijer,zvir,ije→e,,NOUN,13,13,1,no-higher-trust-family-anchor|ambiguous-surface-variants
review,,,,8589,6545,nameštenik,namještenik,namištenik,je→e,nameštaj↔namještaj,NOUN,13,13,1,ambiguous-surface-variants
review,,,,8595,6540,zaleteti,zaletjeti,zaletiti,je→e,hteti↔htjeti,ADJ|ADV|VERB,59,55,17,ambiguous-surface-variants
known,,,,8599,6533,opredeliti,opredijeliti,oprediliti,ije→e,dodeliti↔dodijeliti,ADV|VERB,23,23,0,
review,,,,8616,6521,dobronameran,dobronamjeran,dobronamiran,je→e,,ADJ,91,91,48,no-higher-trust-family-anchor|ambiguous-surface-variants
known,,,,8628,6508,veštačenje,vještačenje,vištačenje,je→e,veštak↔vještak,NOUN,13,13,1,ambiguous-surface-variants
review,,,,8636,6495,opredeljenje,opredjeljenje,oprediljenje,je→e,odeljenje↔odjeljenje,NOUN,13,13,1,ambiguous-surface-variants
review,,,,8662,6463,zapovedati,zapovijedati,zapovidati,ije→e,,ADJ|ADV|VERB,60,60,16,no-higher-trust-family-anchor|ambiguous-surface-variants
review,,,,8681,6444,osveženje,osvježenje,osviženje,je→e,,NOUN,13,13,1,no-higher-trust-family-anchor|ambiguous-surface-variants
review,,,,8683,6443,preusmeriti,preusmjeriti,preusmiriti,je→e,odmeriti↔odmjeriti,ADJ|ADV|VERB,60,60,16,ambiguous-surface-variants
review,,,,8699,6423,prodreti,prodrijeti,prodriti,ije→e,uneti↔unijeti,ADJ|ADV|VERB,66,14,16,ambiguous-surface-variants
review,,,,8711,6399,gnezdo,gnijezdo,gnizdo,ije→e,,NOUN,13,13,1,no-higher-trust-family-anchor|ambiguous-surface-variants
review,,,,8731,6385,prezivati,prizivati,,i→e,,ADV|VERB,0,0,0,i-reflex-review-only|competing-ijekavian-targets|competing-ekavian-sources|fewer-than-three-compatible-msd-slots|fewer-than-two-changed-surface-pairs
review,,,,8740,6378,besprekorno,besprijekorno,besprikorno,ije→e,,ADV,1,1,0,no-higher-trust-family-anchor|fewer-than-three-compatible-msd-slots|fewer-than-two-changed-surface-pairs
review,,,,8755,6359,sekira,sjekira,sikira,je→e,,NOUN,13,13,1,no-higher-trust-family-anchor|ambiguous-surface-variants
review,,,,8762,6352,reznica,riznica,,i→e,,NOUN,0,0,0,i-reflex-review-only|competing-ijekavian-targets|competing-ekavian-sources|fewer-than-three-compatible-msd-slots|fewer-than-two-changed-surface-pairs
review,,,,8788,6328,železara,željezara,želizara,je→e,želeti↔željeti,NOUN,13,13,1,ambiguous-surface-variants
review,,,,8790,6325,zvezdan,zvjezdan,zvizdan,je→e,,ADJ,91,91,48,no-higher-trust-family-anchor|ambiguous-surface-variants
review,,,,8805,6308,prestizati,pristizati,,i→e,,ADV|VERB,0,0,0,i-reflex-review-only|competing-ijekavian-targets|competing-ekavian-sources|fewer-than-three-compatible-msd-slots|fewer-than-two-changed-surface-pairs
review,,,,8828,6275,ucenjivati,ucjenjivati,ucinjivati,je→e,ocenjivati↔ocjenjivati,ADJ|ADV|VERB,60,60,16,ambiguous-surface-variants
review,,,,8860,6241,peščan,pješčan,piščan,je→e,peščara↔pješčara,ADJ,91,91,48,ambiguous-surface-variants
review,,,,8875,6228,ugrejati,ugrijati,,i→e,,ADJ|ADV|VERB,0,0,0,i-reflex-review-only|competing-ijekavian-targets|competing-ekavian-sources|fewer-than-three-compatible-msd-slots|fewer-than-two-changed-surface-pairs
accepted,,,,8877,6226,letovati,ljetovati,litovati,je→e,pevati↔pjevati,ADV|VERB,23,23,0,
review,,,,8897,6208,primenjiv,primjenjiv,priminjiv,je→e,primenjivani↔primjenjivani,ADJ,91,91,48,ambiguous-surface-variants
review,,,,8901,6205,utešiti,utješiti,utišiti,je→e,,ADJ|ADV|VERB,60,60,16,no-higher-trust-family-anchor|ambiguous-surface-variants
review,,,,8915,6188,odevanje,odijevanje,odivanje,ije→e,razumevanje↔razumijevanje,NOUN,13,13,1,ambiguous-surface-variants
review,,,,8920,6181,zamenski,zamjenski,zaminski,je→e,namenski↔namjenski,ADJ|ADV,28,28,16,ambiguous-surface-variants
review,,,,8927,6173,ponegde,ponegdje,ponegdi,je→e,negde↔negdje,ADV,1,1,0,fewer-than-three-compatible-msd-slots|fewer-than-two-changed-surface-pairs
review,,,,8930,6169,zapovediti,zapovjediti,zapoviditi,je→e,,ADJ|ADV|VERB,60,60,16,no-higher-trust-family-anchor|ambiguous-surface-variants
review,,,,8934,6163,preboleti,preboljeti,preboliti,je→e,voleti↔voljeti,ADJ|ADV|VERB,60,13,16,ambiguous-surface-variants
review,,,,8944,6156,zaseniti,zasjeniti,zasiniti,je→e,primeniti↔primjeniti,ADJ|ADV|VERB,60,60,16,ambiguous-surface-variants
review,,,,8956,6139,malopre,maloprije,malopri,ije→e,pre↔prije,ADV,1,1,0,fewer-than-three-compatible-msd-slots|fewer-than-two-changed-surface-pairs
review,,,,8959,6136,preličan,priličan,,i→e,,ADJ,0,0,0,i-reflex-review-only|competing-ijekavian-targets|competing-ekavian-sources|fewer-than-three-compatible-msd-slots|fewer-than-two-changed-surface-pairs
review,,,,8968,6129,umereno,umjereno,umireno,je→e,,ADV,2,2,0,no-higher-trust-family-anchor|fewer-than-three-compatible-msd-slots
review,,,,8984,6112,svesnost,svjesnost,svisnost,je→e,svesno↔svjesno,NOUN,13,13,1,ambiguous-surface-variants
review,,,,8987,6107,prekrivati,prikrivati,,i→e,,ADJ|ADV|VERB,0,0,0,i-reflex-review-only|competing-ijekavian-targets|competing-ekavian-sources|fewer-than-three-compatible-msd-slots|fewer-than-two-changed-surface-pairs
review,,,,8995,6094,prevlačenje,privlačenje,,i→e,,NOUN,0,0,0,i-reflex-review-only|competing-ijekavian-targets|competing-ekavian-sources|fewer-than-three-compatible-msd-slots|fewer-than-two-changed-surface-pairs
review,,,,9016,6073,neprocenjiv,neprocjenjiv,neprocinjiv,je→e,,ADJ,91,91,48,no-higher-trust-family-anchor|ambiguous-surface-variants
review,,,,9019,6070,svetovan,svjetovan,svitovan,je→e,,ADJ,91,91,48,no-higher-trust-family-anchor|ambiguous-surface-variants
review,,,,9051,6033,belo,bijelo,bilo,ije→e,telo↔tijelo,ADV,1,1,0,fewer-than-three-compatible-msd-slots|fewer-than-two-changed-surface-pairs
review,,,,9064,6019,veroučitelj,vjeroučitelj,viroučitelj,je→e,vera↔vjera,NOUN,13,13,1,ambiguous-surface-variants
review,,,,9067,6016,spreda,sprijeda,sprida,ije→e,sreda↔srijeda,ADV,1,1,0,fewer-than-three-compatible-msd-slots|fewer-than-two-changed-surface-pairs
accepted,,,,9068,6015,bezuspešno,bezuspješno,bezuspišno,je→e,uspešno↔uspješno,ADV,3,3,0,
review,,,,9076,6009,preterivanje,pretjerivanje,pretirivanje,je→e,,NOUN,13,13,1,no-higher-trust-family-anchor|ambiguous-surface-variants
review,,,,9080,6003,voleti,voliti,,i→e,,ADJ|ADV|VERB,48,0,16,i-reflex-review-only|competing-ekavian-sources|conflicts-with-higher-trust-ekavian-map|fewer-than-two-changed-surface-pairs|ambiguous-surface-variants
review,,,,9086,5996,podcenjivati,podcjenjivati,podcinjivati,je→e,ocenjivati↔ocjenjivati,ADJ|ADV|VERB,60,60,16,ambiguous-surface-variants
review,,,,9099,5985,meriti,miriti,,i→e,,ADJ|ADV|VERB,0,0,0,i-reflex-review-only|competing-ekavian-sources|fewer-than-three-compatible-msd-slots|fewer-than-two-changed-surface-pairs
review,,,,9111,5980,žlezda,žlijezda,žlizda,ije→e,,NOUN,13,13,1,no-higher-trust-family-anchor|ambiguous-surface-variants
review,,,,9135,5952,nečiji,ničiji,,i→e,,DET,0,0,0,i-reflex-review-only|competing-ijekavian-targets|competing-ekavian-sources|fewer-than-three-compatible-msd-slots|fewer-than-two-changed-surface-pairs
review,,,,9149,5940,premjereno,primjereno,,i→e,,ADV,0,0,0,i-reflex-review-only|competing-ijekavian-targets|fewer-than-three-compatible-msd-slots|fewer-than-two-changed-surface-pairs
accepted,,,,9149,5940,primereno,primjereno,primireno,je→e,primer↔primjer,ADV,3,3,0,
review,,,,9164,5926,ucena,ucjena,ucina,je→e,ocena↔ocjena,NOUN,13,13,1,ambiguous-surface-variants
known,,,,9168,5921,razrešenje,razrješenje,razrišenje,je→e,rešenje↔rješenje,NOUN,13,13,1,ambiguous-surface-variants
review,,,,9170,5919,nadomestiti,nadomjestiti,nadomistiti,je→e,smestiti↔smjestiti,ADJ|ADV|VERB,60,60,16,ambiguous-surface-variants
review,,,,9171,5919,promešati,promiješati,promišati,ije→e,mešati↔miješati,ADJ|ADV|VERB,60,60,16,ambiguous-surface-variants
review,,,,9203,5887,promenjiv,promjenjiv,prominjiv,je→e,promena↔promjena,ADJ,91,91,48,ambiguous-surface-variants
known,,,,9211,5876,dosledno,dosljedno,doslidno,je→e,,ADV,2,2,0,no-higher-trust-family-anchor|fewer-than-three-compatible-msd-slots
review,,,,9215,5874,nevera,nevjera,nevira,je→e,vera↔vjera,NOUN,13,13,1,ambiguous-surface-variants
review,,,,9220,5867,besprekoran,besprijekoran,besprikoran,ije→e,,ADJ,37,37,16,no-higher-trust-family-anchor|ambiguous-surface-variants
review,,,,9225,5861,ocenjivački,ocjenjivački,ocinjivački,je→e,ocenjivati↔ocjenjivati,ADJ,27,27,16,ambiguous-surface-variants
review,,,,9226,5861,preživeli,preživjeli,preživili,je→e,,ADJ,27,27,16,no-higher-trust-family-anchor|ambiguous-surface-variants
review,,,,9235,5850,ranjev,ranjiv,,i→e,,ADJ,0,0,0,i-reflex-review-only|competing-ijekavian-targets|competing-ekavian-sources|fewer-than-three-compatible-msd-slots|fewer-than-two-changed-surface-pairs
accepted,,,,9240,5842,zastareti,zastarjeti,zastariti,je→e,zastarelost↔zastarjelost,ADV|VERB,23,13,0,
review,,,,9276,5801,mnenje,mnijenje,mninje,ije→e,,NOUN,13,13,1,no-higher-trust-family-anchor|ambiguous-surface-variants
known,,,,9279,5796,izveštavanje,izvještavanje,izvištavanje,je→e,izveštaj↔izvještaj,NOUN,13,13,1,ambiguous-surface-variants
review,,,,9286,5789,stideti,stidjeti,stiditi,je→e,videti↔vidjeti,ADJ|ADV|VERB,60,6,16,ambiguous-surface-variants
review,,,,9294,5780,senilo,sjenilo,sinilo,je→e,,NOUN,13,13,1,no-higher-trust-family-anchor|ambiguous-surface-variants
review,,,,9303,5771,semenište,sjemenište,simenište,je→e,,NOUN,13,13,1,no-higher-trust-family-anchor|ambiguous-surface-variants
review,,,,9305,5768,ispoved,ispovijed,ispovid,ije→e,,NOUN,13,13,1,no-higher-trust-family-anchor|ambiguous-surface-variants
review,,,,9311,5763,letos,ljetos,litos,je→e,,ADV,1,1,0,no-higher-trust-family-anchor|fewer-than-three-compatible-msd-slots|fewer-than-two-changed-surface-pairs
accepted,,,,9316,5759,smeškati,smješkati,smiškati,je→e,smena↔smjena,ADV|VERB,23,23,0,
accepted,,,,9322,5755,lebdeti,lebdjeti,lebditi,je→e,snabdeti↔snabdjeti,VERB,16,6,0,
review,,,,9325,5751,usmerenje,usmjerenje,usmirenje,je→e,uverenje↔uvjerenje,NOUN,13,13,1,ambiguous-surface-variants
review,,,,9345,5729,celiti,cijeliti,ciliti,ije→e,dodeliti↔dodijeliti,ADJ|ADV|VERB,60,60,16,ambiguous-surface-variants
review,,,,9351,5720,nameštati,namještati,namištati,je→e,nameštaj↔namještaj,ADJ|ADV|VERB,60,60,16,ambiguous-surface-variants
accepted,,,,9361,5712,žudeti,žudjeti,žuditi,je→e,predvideti↔predvidjeti,ADV|VERB,23,12,0,
review,,,,9371,5700,belac,bijelac,bilac,ije→e,,NOUN,14,14,0,no-higher-trust-family-anchor
review,,,,9379,5691,detetov,djetetov,ditetov,je→e,,ADJ,34,34,16,no-higher-trust-family-anchor|ambiguous-surface-variants
review,,,,9387,5681,mleti,mljeti,mliti,je→e,želeti↔željeti,ADJ|ADV|VERB,60,38,16,ambiguous-surface-variants
review,,,,9410,5661,pesmica,pjesmica,pismica,je→e,pesma↔pjesma,NOUN,13,13,1,ambiguous-surface-variants
review,,,,9411,5659,unapređenje,unaprjeđenje,unapriđenje,je→e,,NOUN,13,13,1,no-higher-trust-family-anchor|ambiguous-surface-variants
review,,,,9418,5652,podceniti,podcijeniti,podciniti,ije→e,ceniti↔cijeniti,ADJ|ADV|VERB,60,60,16,ambiguous-surface-variants
review,,,,9464,5603,punoletan,punoljetan,punolitan,je→e,punoletni↔punoljetni,ADJ,91,91,48,ambiguous-surface-variants
review,,,,9496,5565,prepodne,prijepodne,pripodne,ije→e,pre↔prije,NOUN,13,13,1,ambiguous-surface-variants
review,,,,9505,5558,nerazumevanje,nerazumijevanje,nerazumivanje,ije→e,razumevanje↔razumijevanje,NOUN,13,13,1,ambiguous-surface-variants
accepted,,,,9517,5547,slepo,slijepo,slipo,ije→e,slediti↔slijediti,ADV,3,3,0,
review,,,,9540,5529,celodnevan,cjelodnevan,cilodnevan,je→e,,ADJ,91,91,48,no-higher-trust-family-anchor|ambiguous-surface-variants
review,,,,9565,5505,pesnički,pjesnički,pisnički,je→e,naslednički↔nasljednički,ADJ,27,27,16,ambiguous-surface-variants
review,,,,9587,5479,prečiti,priječiti,pričiti,ije→e,sprečiti↔spriječiti,ADJ|ADV|VERB,60,60,16,ambiguous-surface-variants
review,,,,9620,5448,poistovećivati,poistovjećivati,poistovićivati,je→e,pevati↔pjevati,ADJ|ADV|VERB,60,60,16,ambiguous-surface-variants
review,,,,9632,5433,seliti,siliti,,i→e,,ADJ|ADV|VERB,0,0,0,i-reflex-review-only|competing-ijekavian-targets|competing-ekavian-sources|fewer-than-three-compatible-msd-slots|fewer-than-two-changed-surface-pairs
review,,,,9640,5428,izbegao,izbjegao,izbigao,je→e,izbegavati↔izbjegavati,ADJ,37,37,16,ambiguous-surface-variants
accepted,,,,9641,5428,sveže,svježe,sviže,je→e,svedok↔svjedok,ADV,3,3,0,
review,,,,9643,5424,odseći,odsjeći,odsići,je→e,odsek↔odsjek,ADJ|VERB,47,47,16,ambiguous-surface-variants
accepted,,,,9660,5411,ravnomerno,ravnomjerno,ravnomirno,je→e,namerno↔namjerno,ADV,3,3,0,
known,,,,9692,5376,odeljak,odjeljak,odiljak,je→e,odeljenje↔odjeljenje,NOUN,13,13,1,ambiguous-surface-variants
review,,,,9713,5361,pripovedati,pripovijedati,pripovidati,ije→e,,ADJ|ADV|VERB,60,60,16,no-higher-trust-family-anchor|ambiguous-surface-variants
review,,,,9715,5359,boleti,boliti,,i→e,,ADJ|ADV|VERB,48,0,16,i-reflex-review-only|competing-ekavian-sources|fewer-than-two-changed-surface-pairs|ambiguous-surface-variants
review,,,,9721,5353,izvešćivati,izvješćivati,izvišćivati,je→e,pevati↔pjevati,ADJ|ADV|VERB,60,60,16,ambiguous-surface-variants
review,,,,9727,5349,nepromenjen,nepromijenjen,neprominjen,ije→e,,ADJ,91,91,48,no-higher-trust-family-anchor|ambiguous-surface-variants
review,,,,9728,5349,svedodžba,svjedodžba,svidodžba,je→e,svedok↔svjedok,NOUN,13,13,1,ambiguous-surface-variants
review,,,,9733,5345,cevovod,cjevovod,civovod,je→e,,NOUN,13,13,1,no-higher-trust-family-anchor|ambiguous-surface-variants
review,,,,9736,5343,igde,igdje,igdi,je→e,gde↔gdje,ADV,1,1,0,fewer-than-three-compatible-msd-slots|fewer-than-two-changed-surface-pairs
review,,,,9737,5343,pospešivati,pospješivati,pospišivati,je→e,pevati↔pjevati,ADJ|ADV|VERB,60,60,16,ambiguous-surface-variants
review,,,,9744,5335,bedan,bijedan,bidan,ije→e,,ADJ,64,64,32,no-higher-trust-family-anchor|ambiguous-surface-variants
review,,,,9767,5316,sedeći,sjedeći,sideći,je→e,sledeći↔sljedeći,ADJ,28,28,16,ambiguous-surface-variants
review,,,,9790,5296,usev,usjev,usiv,je→e,,NOUN,13,13,1,no-higher-trust-family-anchor|ambiguous-surface-variants
review,,,,9808,5271,licemer,licemjer,licemir,je→e,premer↔premjer,NOUN,13,13,1,ambiguous-surface-variants
review,,,,9824,5259,lev,lijev,liv,ije→e,levo↔lijevo,NOUN,13,13,1,ambiguous-surface-variants
review,,,,9837,5248,prevoditi,privoditi,,i→e,,ADJ|ADV|VERB,0,0,0,i-reflex-review-only|competing-ijekavian-targets|competing-ekavian-sources|fewer-than-three-compatible-msd-slots|fewer-than-two-changed-surface-pairs
review,,,,9839,5246,bezuvetan,bezuvjetan,bezuvitan,je→e,,ADJ,91,91,48,no-higher-trust-family-anchor|ambiguous-surface-variants
review,,,,9903,5193,savetovalište,savjetovalište,savitovalište,je→e,savet↔savjet,NOUN,13,13,1,ambiguous-surface-variants
review,,,,9910,5187,levati,lijevati,livati,ije→e,podrazumevati↔podrazumijevati,ADJ|ADV|VERB,60,60,16,ambiguous-surface-variants
review,,,,9911,5186,nezamenjiv,nezamjenjiv,nezaminjiv,je→e,,ADJ,37,37,16,no-higher-trust-family-anchor|ambiguous-surface-variants
review,,,,9929,5165,peške,pješke,piške,je→e,peščara↔pješčara,ADV,1,1,0,fewer-than-three-compatible-msd-slots|fewer-than-two-changed-surface-pairs
accepted,,,,9938,5158,predsedati,predsjedati,predsidati,je→e,predsedavajući↔predsjedavajući,ADV|VERB,23,23,0,
